Best case,,time/n,Average,,Worst case,,time/n^2,time/n,Average n^2,Random case,,time/n,Average
41,7666069,5.34824E-06,4.31289E-06,,114,5492,3.77958E-06,0.020757465,2.92911E-06,70,6122,0.011434172,0.008375879
9,1904439,4.7258E-06,,,16,2089,3.66643E-06,0.007659167,Average n,83,6636,0.012507535,
12,1981526,6.05594E-06,,,148,7140,2.90312E-06,0.020728291,0.016148693,91,7822,0.011633853,
12,2938658,4.0835E-06,,,6,1479,2.74293E-06,0.004056795,,3,1283,0.00233827,
30,7484296,4.00839E-06,,,129,6656,2.91181E-06,0.01938101,,28,4273,0.006552773,
4,1025351,3.9011E-06,,,34,3365,3.00268E-06,0.010104012,,79,7099,0.011128328,
23,5336338,4.31007E-06,,,104,6002,2.88696E-06,0.017327557,,58,6206,0.009345794,
34,8202871,4.14489E-06,,,5,1264,3.12951E-06,0.003955696,,5,1791,0.002791736,
17,3859427,4.4048E-06,,,230,8568,3.13306E-06,0.026844071,,15,3201,0.004686036,
14,3562786,3.92951E-06,,,195,8297,2.83265E-06,0.023502471,,60,6413,0.009355996,
6,1587523,3.77947E-06,,,114,6133,3.03081E-06,0.018587967,,4,1838,0.002176279,
26,6083857,4.2736E-06,,,14,2140,3.05704E-06,0.006542056,,63,6579,0.009575923,
13,3041283,4.27451E-06,,,81,5298,2.88577E-06,0.015288788,,8,2336,0.003424658,
22,5272753,4.17239E-06,,,36,3461,3.00538E-06,0.010401618,,115,8881,0.012948992,
6,1556668,3.85439E-06,,,241,9146,2.88108E-06,0.026350317,,99,8218,0.012046727,
17,3838184,4.42918E-06,,,146,6862,3.10064E-06,0.021276596,,117,8929,0.013103371,
37,8752179,4.22752E-06,,,7,1443,3.36175E-06,0.004851005,,42,5316,0.007900677,
25,4635612,5.39303E-06,,,247,9239,2.89366E-06,0.026734495,,80,7350,0.010884354,
21,5206682,4.03328E-06,,,51,4132,2.9871E-06,0.012342691,,149,9963,0.014955335,
16,3703544,4.32019E-06,,,98,5808,2.90518E-06,0.016873278,,33,4734,0.006970849,
21,4760374,4.41142E-06,,,137,6378,3.36784E-06,0.021480088,,63,6549,0.009619789,
29,7276696,3.98533E-06,,,59,4474,2.94754E-06,0.013187304,,89,7524,0.011828814,
13,3303815,3.93485E-06,,,13,2091,2.97328E-06,0.006217121,,5,1859,0.002689618,
6,1379078,4.35073E-06,,,218,8743,2.85191E-06,0.024934233,,8,2320,0.003448276,
6,1633728,3.67258E-06,,,271,9715,2.87133E-06,0.027895008,,52,5931,0.008767493,
31,7659603,4.04721E-06,,,43,3853,2.89648E-06,0.011160135,,126,9332,0.013501929,
33,7719265,4.27502E-06,,,221,8757,2.88192E-06,0.025236953,,63,6332,0.009949463,
35,6988340,5.00834E-06,,,48,4077,2.88775E-06,0.011773363,,26,4179,0.006221584,
26,5719512,4.54584E-06,,,17,2312,3.18034E-06,0.007352941,,132,9612,0.013732834,
41,9452809,4.33734E-06,,,199,8276,2.90544E-06,0.024045433,,72,6942,0.010371651,
25,6143340,4.06945E-06,,,165,7592,2.86267E-06,0.021733404,,6,2357,0.002545609,
39,9515887,4.09841E-06,,,89,5519,2.92193E-06,0.01612611,,10,2423,0.004127115,
23,5358192,4.29249E-06,,,94,5649,2.94567E-06,0.016640113,,7,2163,0.003236246,
10,2471249,4.04654E-06,,,194,8152,2.91926E-06,0.023797841,,10,2317,0.004315926,
5,1087707,4.59683E-06,,,124,6600,2.84665E-06,0.018787879,,33,4691,0.007034747,
42,9975109,4.21048E-06,,,39,3645,2.93542E-06,0.010699588,,4,1665,0.002402402,
12,2832219,4.23696E-06,,,71,4904,2.95228E-06,0.014477977,,18,3581,0.005026529,
42,8376740,5.01388E-06,,,57,4470,2.85272E-06,0.012751678,,83,7485,0.011088844,
25,6185018,4.04203E-06,,,137,6973,2.81761E-06,0.019647211,,123,9053,0.013586656,
13,3112746,4.17638E-06,,,56,4377,2.92304E-06,0.012794151,,27,4372,0.006175663,
12,2575231,4.65978E-06,,,175,7620,3.01389E-06,0.022965879,,55,6067,0.009065436,
11,2384567,4.613E-06,,,72,4685,3.2803E-06,0.015368196,,72,6921,0.010403121,
29,6960278,4.1665E-06,,,212,8561,2.89259E-06,0.024763462,,17,3340,0.00508982,
7,1284625,5.44906E-06,,,39,3560,3.07726E-06,0.010955056,,24,3819,0.006284368,
14,2722749,5.14186E-06,,,254,9382,2.88564E-06,0.027073119,,17,3293,0.005162466,
5,1068347,4.68013E-06,,,113,5976,3.16415E-06,0.018908969,,70,6737,0.010390381,
32,7444579,4.29843E-06,,,42,3578,3.28072E-06,0.011738401,,99,8029,0.012330303,
15,3247549,4.61887E-06,,,51,3837,3.46407E-06,0.013291634,,130,9139,0.014224751,
22,5172380,4.25336E-06,,,135,6576,3.12184E-06,0.020529197,,24,4046,0.005931784,
21,4981168,4.21588E-06,,,147,7165,2.86342E-06,0.020516399,,72,6924,0.010398614,
43,9229381,4.65903E-06,,,282,9980,2.83131E-06,0.028256513,,32,4591,0.006970159,
32,7003827,4.56893E-06,,,272,9810,2.82638E-06,0.027726809,,58,6273,0.009245975,
11,2939679,3.74191E-06,,,43,3893,2.83726E-06,0.011045466,,94,7638,0.012306887,
18,4218325,4.2671E-06,,,21,2651,2.98813E-06,0.007921539,,44,5482,0.008026268,
27,5818302,4.64053E-06,,,6,1449,2.85769E-06,0.004140787,,8,2131,0.003754106,
10,2507797,3.98756E-06,,,104,6008,2.8812E-06,0.017310253,,109,8664,0.012580794,
10,2745256,3.64265E-06,,,45,3933,2.90914E-06,0.011441648,,145,9553,0.015178478,
22,5235363,4.20219E-06,,,48,4054,2.92061E-06,0.011840158,,103,7816,0.013178096,
14,3423419,4.08948E-06,,,12,2006,2.98208E-06,0.005982054,,4,1476,0.002710027,
21,4997822,4.20183E-06,,,61,4597,2.88656E-06,0.013269524,,2,1250,0.0016,
37,8449356,4.37903E-06,,,44,3950,2.82006E-06,0.011139241,,49,5722,0.008563439,
35,8204941,4.26572E-06,,,23,2842,2.8476E-06,0.008092892,,106,8586,0.012345679,
24,5674374,4.22954E-06,,,275,9815,2.85464E-06,0.028018339,,29,4415,0.006568516,
37,8952541,4.1329E-06,,,41,3787,2.85886E-06,0.010826512,,32,4602,0.006953498,
33,4162081,7.92873E-06,,,121,6510,2.85511E-06,0.01858679,,20,3653,0.005474952,
10,1946939,5.13627E-06,,,108,6135,2.86942E-06,0.017603912,,44,5511,0.007984032,
21,4061117,5.17099E-06,,,10,1909,2.74403E-06,0.005238345,,18,3498,0.005145798,
13,3186802,4.07932E-06,,,100,5909,2.86399E-06,0.016923337,,22,3755,0.005858855,
7,1600577,4.37342E-06,,,36,3583,2.8042E-06,0.010047446,,34,4652,0.007308684,
28,5998521,4.66782E-06,,,12,2045,2.86942E-06,0.005867971,,108,8656,0.012476895,
5,1314905,3.80256E-06,,,109,6194,2.84108E-06,0.017597675,,90,7845,0.011472275,
32,7400551,4.324E-06,,,170,7748,2.83185E-06,0.021941146,,121,9032,0.013396811,
6,1538896,3.8989E-06,,,117,6399,2.85734E-06,0.018284107,,27,4298,0.006281992,
15,3704275,4.04938E-06,,,16,2353,2.88986E-06,0.00679983,,112,8733,0.012824917,
27,6347218,4.25383E-06,,,246,9250,2.87509E-06,0.026594595,,45,5524,0.008146271,
42,9573006,4.38734E-06,,,51,4211,2.87607E-06,0.012111137,,5,1960,0.00255102,
9,2001955,4.49561E-06,,,175,7199,3.37671E-06,0.024308932,,12,2771,0.004330567,
22,5301354,4.14988E-06,,,240,8074,3.68158E-06,0.029725043,,65,6532,0.00995101,
7,1812532,3.862E-06,,,243,9199,2.87161E-06,0.026415915,,44,5468,0.008046818,
34,7954878,4.27411E-06,,,216,8679,2.86757E-06,0.02488766,,46,5567,0.008262978,
14,3191896,4.38611E-06,,,60,2880,7.2338E-06,0.020833333,,94,7902,0.011895723,
28,6850443,4.08733E-06,,,208,8472,2.89795E-06,0.024551464,,44,5410,0.008133087,
36,8838456,4.07311E-06,,,49,4128,2.87552E-06,0.011870155,,102,8248,0.012366634,
11,2052913,5.35824E-06,,,119,6378,2.92535E-06,0.018657886,,74,7118,0.010396179,
16,4003320,3.99668E-06,,,18,2410,3.09912E-06,0.00746888,,63,6580,0.009574468,
27,6520661,4.14068E-06,,,16,2389,2.80342E-06,0.006697363,,88,7793,0.011292185,
37,8975484,4.12234E-06,,,249,9330,2.86046E-06,0.026688103,,13,2979,0.00436388,
12,2923959,4.10402E-06,,,184,7985,2.88581E-06,0.023043206,,92,7604,0.012098895,
23,5383283,4.27249E-06,,,222,8791,2.87261E-06,0.0252531,,34,4630,0.007343413,
5,1174957,4.25547E-06,,,195,8320,2.81701E-06,0.0234375,,12,2665,0.004502814,
32,7958704,4.02076E-06,,,135,6935,2.80699E-06,0.019466474,,38,4523,0.008401503,
35,8299805,4.21697E-06,,,77,5199,2.84873E-06,0.01481054,,4,1724,0.002320186,
20,4722617,4.23494E-06,,,115,6332,2.86824E-06,0.018161718,,14,2754,0.005083515,
14,3422286,4.09083E-06,,,164,7527,2.89468E-06,0.021788229,,41,4713,0.008699342,
19,4445043,4.27442E-06,,,33,3352,2.93701E-06,0.009844869,,9,2166,0.004155125,
37,6549424,5.64935E-06,,,160,7454,2.87966E-06,0.021464985,,29,4178,0.00694112,
41,8927036,4.59279E-06,,,45,3933,2.90914E-06,0.011441648,,132,9628,0.013710012,
33,7303833,4.51818E-06,,,38,3665,2.82902E-06,0.010368349,,2,1013,0.001974334,
14,3492219,4.00891E-06,,,80,5293,2.85553E-06,0.015114302,,28,4296,0.006517691,
14,3251853,4.30524E-06,,,2,1068,1.75343E-06,0.001872659,,18,3455,0.005209841,
19,4809663,3.95038E-06,,,77,5096,2.96505E-06,0.01510989,,2,1067,0.001874414,
11,2562780,4.29221E-06,,,270,9743,2.84432E-06,0.027712204,,73,7025,0.010391459,
17,4179300,4.06767E-06,,,13,2050,3.0934E-06,0.006341463,,38,5051,0.007523263,
13,3200759,4.06154E-06,,,76,5075,2.95081E-06,0.014975369,,47,5755,0.008166811,
37,8971021,4.12439E-06,,,157,7449,2.82946E-06,0.021076655,,88,7708,0.01141671,
33,8010593,4.11955E-06,,,46,4009,2.86211E-06,0.011474183,,74,7154,0.010343864,
10,2433878,4.10867E-06,,,109,6152,2.88001E-06,0.017717815,,36,4924,0.007311129,
37,8990901,4.11527E-06,,,141,6693,3.14758E-06,0.021066786,,2,1270,0.001574803,
7,1388200,5.0425E-06,,,61,4596,2.88782E-06,0.013272411,,49,5688,0.008614627,
24,5847507,4.10431E-06,,,6,1327,3.40729E-06,0.004521477,,5,1868,0.00267666,
29,6827094,4.24778E-06,,,253,9447,2.83487E-06,0.026780989,,115,8890,0.012935883,
44,9946987,4.42345E-06,,,277,9911,2.81997E-06,0.027948744,,2,1091,0.001833181,
25,5521830,4.52748E-06,,,15,2251,2.96033E-06,0.006663705,,34,4818,0.00705687,
28,6920902,4.04572E-06,,,100,5824,2.9482E-06,0.01717033,,32,4623,0.006921912,
7,1825315,3.83495E-06,,,78,5201,2.88351E-06,0.014997116,,62,4961,0.01249748,
5,1047079,4.77519E-06,,,44,3923,2.85901E-06,0.011215906,,58,5936,0.009770889,
16,3867631,4.1369E-06,,,171,7710,2.87665E-06,0.022178988,,15,2930,0.005119454,
9,1812457,4.96564E-06,,,58,4223,3.25226E-06,0.013734312,,29,4439,0.006533003,
27,6746071,4.00233E-06,,,282,9778,2.9495E-06,0.028840254,,10,2531,0.003951008,
11,2665516,4.12678E-06,,,4,1228,2.65255E-06,0.003257329,,58,6275,0.009243028,
14,3528769,3.96739E-06,,,69,4911,2.86094E-06,0.014050092,,114,8869,0.01285376,
39,9333466,4.17851E-06,,,47,4025,2.90112E-06,0.011677019,,65,6712,0.009684148,
25,5455860,4.58223E-06,,,5,1058,4.46682E-06,0.004725898,,21,3842,0.005465903,
7,1414430,4.94899E-06,,,50,4055,3.0408E-06,0.012330456,,26,4118,0.006313745,
27,6565854,4.11218E-06,,,87,5508,2.86768E-06,0.015795207,,61,6412,0.009513412,
22,4477406,4.91356E-06,,,10,1861,2.8874E-06,0.005373455,,85,7676,0.011073476,
7,1668745,4.19477E-06,,,277,9819,2.87306E-06,0.028210612,,73,7043,0.010364901,
25,6098319,4.09949E-06,,,17,2372,3.02148E-06,0.007166948,,20,3727,0.005366246,
43,9593391,4.48225E-06,,,267,9625,2.8821E-06,0.02774026,,17,3284,0.005176614,
5,1129859,4.42533E-06,,,215,8717,2.82947E-06,0.024664449,,5,1939,0.002578649,
24,5557204,4.31872E-06,,,46,3926,2.9844E-06,0.01171676,,3,1544,0.001943005,
12,2812674,4.2664E-06,,,78,5202,2.8824E-06,0.014994233,,35,4900,0.007142857,
30,7334599,4.0902E-06,,,241,9199,2.84797E-06,0.0261985,,4,1483,0.002697235,
42,9868073,4.25615E-06,,,83,5383,2.86437E-06,0.015418911,,4,1564,0.002557545,
39,8270475,4.71557E-06,,,116,6350,2.87681E-06,0.018267717,,45,5564,0.008087707,
11,2515588,4.37274E-06,,,3,1087,2.539E-06,0.00275989,,120,8986,0.013354106,
33,7620985,4.33015E-06,,,77,5140,2.9145E-06,0.014980545,,9,2239,0.004019652,
16,3995942,4.00406E-06,,,122,6490,2.89648E-06,0.018798151,,83,7344,0.011301743,
28,6870671,4.07529E-06,,,214,8650,2.8601E-06,0.024739884,,3,1250,0.0024,
44,9980299,4.40869E-06,,,20,2574,3.01865E-06,0.007770008,,118,8994,0.013119858,
6,1628671,3.68399E-06,,,176,7816,2.881E-06,0.022517912,,15,3237,0.00463392,
15,3554951,4.21947E-06,,,93,5648,2.91537E-06,0.016466006,,24,4155,0.005776173,
9,2143264,4.1992E-06,,,26,2857,3.18532E-06,0.009100455,,27,4268,0.006326148,
42,8897037,4.72067E-06,,,200,8294,2.90738E-06,0.024113817,,87,7695,0.011306043,
36,5980431,6.01963E-06,,,69,4766,3.03767E-06,0.014477549,,130,9395,0.013837147,
43,8427511,5.10234E-06,,,102,5810,3.02168E-06,0.017555938,,7,1970,0.003553299,
10,1716020,5.82744E-06,,,35,3366,3.08916E-06,0.010398099,,129,9433,0.013675395,
37,9034105,4.09559E-06,,,24,2783,3.09874E-06,0.008623787,,86,7538,0.011408862,
49,9710519,5.04607E-06,,,246,8899,3.10637E-06,0.027643555,,137,9635,0.014218993,
7,1806456,3.87499E-06,,,92,5700,2.83164E-06,0.016140351,,26,4217,0.006165521,
30,6929301,4.32944E-06,,,42,3749,2.98826E-06,0.011202987,,16,3291,0.004861744,
36,8790990,4.0951E-06,,,267,9492,2.96344E-06,0.028128951,,48,5742,0.008359457,
35,7988821,4.38112E-06,,,70,4856,2.96852E-06,0.014415157,,95,7990,0.011889862,
9,2242851,4.01275E-06,,,16,2283,3.06979E-06,0.007008322,,10,2484,0.004025765,
20,4940685,4.04802E-06,,,123,6203,3.1967E-06,0.019829115,,146,9889,0.014763879,
8,2180389,3.66907E-06,,,62,4489,3.07675E-06,0.013811539,,43,5531,0.007774363,
33,7931503,4.16062E-06,,,131,6679,2.93662E-06,0.019613715,,128,9387,0.013635879,
14,3204043,4.36948E-06,,,131,6587,3.01923E-06,0.019887658,,25,4106,0.006088651,
7,1618112,4.32603E-06,,,132,6692,2.94756E-06,0.019725045,,63,6631,0.009500829,
14,3261431,4.29259E-06,,,113,6317,2.83176E-06,0.017888238,,51,5878,0.008676421,
10,2787245,3.58777E-06,,,83,5376,2.87184E-06,0.015438988,,77,7245,0.010628019,
35,8574844,4.08171E-06,,,175,7825,2.85805E-06,0.022364217,,114,8773,0.012994415,
35,7878344,4.44256E-06,,,169,7693,2.85559E-06,0.021968023,,12,2892,0.004149378,
17,4312893,3.94167E-06,,,232,9026,2.84772E-06,0.025703523,,4,1681,0.002379536,
26,6281317,4.13926E-06,,,37,3510,3.00322E-06,0.010541311,,6,2064,0.002906977,
37,8816961,4.19646E-06,,,9,1708,3.08508E-06,0.005269321,,14,3171,0.004415011,
5,1261278,3.96423E-06,,,136,6859,2.8908E-06,0.019827963,,106,8505,0.012463257,
29,6583159,4.40518E-06,,,98,5935,2.78218E-06,0.016512216,,33,4851,0.006802721,
16,3924177,4.07729E-06,,,38,3458,3.17785E-06,0.010989011,,87,7714,0.011278195,
19,4565275,4.16185E-06,,,12,2030,2.91199E-06,0.00591133,,99,8234,0.012023318,
40,9695737,4.12552E-06,,,68,4869,2.86833E-06,0.013965907,,18,3423,0.005258545,
34,8282693,4.10495E-06,,,278,9818,2.88402E-06,0.028315339,,2,1163,0.00171969,
16,3646922,4.38726E-06,,,91,5569,2.93418E-06,0.016340456,,115,8851,0.012992882,
6,1284288,4.67185E-06,,,4,1088,3.37911E-06,0.003676471,,73,7016,0.010404789,
11,2608585,4.21685E-06,,,14,2156,3.01183E-06,0.006493506,,43,5467,0.007865374,
15,3595196,4.17223E-06,,,172,7261,3.26239E-06,0.023688197,,26,4170,0.006235012,
12,3212831,3.73502E-06,,,219,8051,3.37866E-06,0.02720159,,3,1297,0.00231303,
47,8234023,5.70802E-06,,,212,8279,3.093E-06,0.025606957,,4,1719,0.002326934,
33,7756638,4.25442E-06,,,259,9220,3.04676E-06,0.028091106,,34,4741,0.007171483,
44,8875190,4.95764E-06,,,9,1703,3.10322E-06,0.005284792,,26,4186,0.00621118,
20,4472434,4.47184E-06,,,104,6052,2.83946E-06,0.017184402,,30,4562,0.006576063,
42,9401925,4.46717E-06,,,5,1251,3.19489E-06,0.003996803,,21,3681,0.005704971,
7,1419536,4.93119E-06,,,233,8765,3.03286E-06,0.026583001,,70,6991,0.010012874,
20,4872639,4.10455E-06,,,199,8225,2.94158E-06,0.024194529,,93,8048,0.011555666,
28,6678916,4.1923E-06,,,231,9051,2.8198E-06,0.025522042,,50,5956,0.008394896,
10,2245749,4.45286E-06,,,56,4340,2.97309E-06,0.012903226,,135,9585,0.014084507,
8,1881878,4.25107E-06,,,26,2937,3.01415E-06,0.008852571,,101,8320,0.012139423,
28,6779332,4.1302E-06,,,204,8514,2.81425E-06,0.023960536,,124,9106,0.013617395,
19,3761352,5.05138E-06,,,156,7399,2.84956E-06,0.02108393,,29,3743,0.007747796,
38,9062167,4.19326E-06,,,184,7582,3.20074E-06,0.024268003,,25,4042,0.006185057,
12,2454118,4.88974E-06,,,209,8536,2.86839E-06,0.024484536,,11,2811,0.003913198,
25,5127058,4.87609E-06,,,122,6557,2.83759E-06,0.01860607,,9,2365,0.003805497,
29,6665190,4.35096E-06,,,166,7548,2.9137E-06,0.021992581,,108,8588,0.012575687,
19,4546789,4.17877E-06,,,258,9548,2.83006E-06,0.027021366,,11,2734,0.004023409,
28,6634337,4.22047E-06,,,240,9179,2.84853E-06,0.026146639,,8,2428,0.003294893,
26,6084259,4.27332E-06,,,34,3497,2.78027E-06,0.009722619,,64,6596,0.00970285,
11,2612534,4.21047E-06,,,5,1282,3.04224E-06,0.003900156,,7,2185,0.003203661,
31,7643553,4.05571E-06,,,16,2368,2.85336E-06,0.006756757,,2,1352,0.00147929,
35,8396740,4.16828E-06,,,49,4081,2.94214E-06,0.012006861,,2,1080,0.001851852,
14,3495659,4.00497E-06,,,66,4815,2.84676E-06,0.013707165,,130,9357,0.013893342,
30,7409223,4.04901E-06,,,237,9060,2.8873E-06,0.02615894,,123,9149,0.013444092,
18,4094860,4.39575E-06,,,219,8799,2.82864E-06,0.024889192,,106,8576,0.012360075,
21,5007799,4.19346E-06,,,31,3245,2.94396E-06,0.009553159,,139,9753,0.014252025,
13,3088495,4.20917E-06,,,56,4435,2.84709E-06,0.012626832,,91,7839,0.011608624,
9,1731344,5.19827E-06,,,156,7368,2.87359E-06,0.021172638,,73,7141,0.010222658,
18,4198615,4.28713E-06,,,101,5900,2.90147E-06,0.017118644,,32,4533,0.007059343,
14,3217238,4.35156E-06,,,211,8608,2.84759E-06,0.024512082,,92,7900,0.01164557,
15,3629309,4.13302E-06,,,90,5622,2.84748E-06,0.016008538,,2,1115,0.001793722,
32,7660763,4.17713E-06,,,282,9886,2.88541E-06,0.028525187,,6,2169,0.002766252,
17,4154267,4.09218E-06,,,101,5924,2.878E-06,0.017049291,,55,6052,0.009087905,
17,4148591,4.09778E-06,,,102,5904,2.92622E-06,0.017276423,,17,3436,0.004947614,
11,2456866,4.47725E-06,,,126,6563,2.92527E-06,0.019198537,,69,6722,0.010264802,
15,3607355,4.15817E-06,,,48,4102,2.85266E-06,0.011701609,,17,3368,0.005047506,
34,6037198,5.63175E-06,,,16,2307,3.00625E-06,0.006935414,,88,7716,0.011404873,
7,1722869,4.06299E-06,,,137,6821,2.94459E-06,0.020085032,,124,9081,0.013654884,
16,3739625,4.2785E-06,,,33,3344,2.95108E-06,0.009868421,,94,7472,0.0125803,
35,8155132,4.29178E-06,,,232,8956,2.89241E-06,0.025904422,,2,1226,0.001631321,
17,3879258,4.38228E-06,,,111,6223,2.86631E-06,0.017837056,,152,9887,0.015373723,
21,4988898,4.20935E-06,,,247,9265,2.87744E-06,0.026659471,,32,4719,0.006781098,
36,9010283,3.99543E-06,,,37,3623,2.81881E-06,0.010212531,,35,4838,0.007234394,
9,2300019,3.91301E-06,,,3,1033,2.81139E-06,0.002904163,,80,7515,0.010645376,
23,5553009,4.1419E-06,,,185,8045,2.85838E-06,0.022995649,,15,3031,0.004948862,
21,5305178,3.9584E-06,,,121,6462,2.89769E-06,0.018724853,,3,1465,0.002047782,
28,7015253,3.9913E-06,,,167,7677,2.83357E-06,0.021753289,,36,4965,0.007250755,
25,6009034,4.1604E-06,,,177,7806,2.9048E-06,0.022674865,,22,3976,0.005533199,
14,3158174,4.43294E-06,,,238,9179,2.82479E-06,0.02592875,,136,9657,0.014083049,
25,5920668,4.2225E-06,,,228,8929,2.85976E-06,0.025534774,,81,7256,0.011163175,
37,8683567,4.26092E-06,,,173,7662,2.94688E-06,0.022578961,,113,8562,0.013197851,
21,5023729,4.18016E-06,,,250,9417,2.81913E-06,0.026547733,,1,1061,0.000942507,
14,3391046,4.12852E-06,,,77,5167,2.88412E-06,0.014902264,,64,6725,0.009516729,
13,3135665,4.14585E-06,,,79,5294,2.81877E-06,0.014922554,,79,7388,0.010693016,
17,4067513,4.17946E-06,,,11,1860,3.17956E-06,0.005913978,,141,9865,0.014292955,
14,3355205,4.17262E-06,,,205,8565,2.79447E-06,0.023934618,,127,9247,0.013734184,
41,9941071,4.1243E-06,,,63,4659,2.90239E-06,0.013522215,,66,6801,0.009704455,
40,9889014,4.04489E-06,,,55,4334,2.92809E-06,0.012690355,,2,1278,0.001564945,
40,8436448,4.74133E-06,,,157,7410,2.85932E-06,0.021187584,,18,3438,0.005235602,
27,5973652,4.51985E-06,,,28,3104,2.90613E-06,0.009020619,,88,7767,0.011329986,
27,4303560,6.27388E-06,,,43,3833,2.92678E-06,0.011218367,,4,1676,0.002386635,
34,7314146,4.64853E-06,,,125,6605,2.86526E-06,0.018925057,,75,7288,0.010290889,
30,7315553,4.10085E-06,,,6,1504,2.6525E-06,0.003989362,,48,5812,0.008258775,
24,5782290,4.1506E-06,,,47,4068,2.84012E-06,0.011553589,,3,1118,0.002683363,
18,4523442,3.97927E-06,,,50,4127,2.93563E-06,0.012115338,,5,1739,0.002875216,
27,6534011,4.13222E-06,,,18,2490,2.90318E-06,0.007228916,,21,3554,0.005908835,
37,9152915,4.04243E-06,,,82,5354,2.8606E-06,0.015315652,,52,6004,0.008660893,
28,6083754,4.60242E-06,,,232,8984,2.87441E-06,0.025823687,,32,4474,0.007152436,
18,4292216,4.19364E-06,,,91,5669,2.83158E-06,0.016052214,,47,5649,0.008320057,
23,4723722,4.86904E-06,,,20,2545,3.08784E-06,0.007858546,,20,3726,0.005367687,
15,3471173,4.32131E-06,,,52,4235,2.89932E-06,0.01227863,,42,5371,0.007819773,
27,6396368,4.22115E-06,,,6,1487,2.7135E-06,0.00403497,,30,4496,0.006672598,
26,6508726,3.99464E-06,,,90,5643,2.82633E-06,0.015948963,,74,7151,0.010348203,
10,2259810,4.42515E-06,,,209,8560,2.85232E-06,0.024415888,,52,5668,0.009174312,
15,3814055,3.93282E-06,,,99,5831,2.91172E-06,0.01697822,,126,9241,0.013634888,
16,3658429,4.37346E-06,,,253,9458,2.82828E-06,0.026749841,,136,9501,0.014314283,
33,7884107,4.18564E-06,,,11,1921,2.98084E-06,0.005726184,,86,7651,0.011240361,
31,7596250,4.08096E-06,,,223,8857,2.8427E-06,0.025177825,,43,5405,0.007955597,
31,7533485,4.11496E-06,,,263,9648,2.82541E-06,0.027259536,,44,5215,0.0084372,
32,7570530,4.22692E-06,,,106,6106,2.8431E-06,0.017359974,,14,2969,0.004715392,
23,5422237,4.24179E-06,,,273,9705,2.89849E-06,0.02812983,,19,3644,0.00521405,
11,2359954,4.66111E-06,,,142,6947,2.94235E-06,0.020440478,,32,4638,0.006899526,
23,5479562,4.19742E-06,,,216,8763,2.81286E-06,0.024649093,,2,1114,0.001795332,
38,9069119,4.19004E-06,,,168,7728,2.81303E-06,0.02173913,,15,3218,0.00466128,
36,8639260,4.16702E-06,,,206,7556,3.60814E-06,0.027263102,,45,5534,0.00813155,
37,9042243,4.09191E-06,,,23,2826,2.87994E-06,0.008138712,,74,7151,0.010348203,
33,7953539,4.1491E-06,,,32,3274,2.98533E-06,0.009773977,,3,1386,0.002164502,
36,8698900,4.13845E-06,,,13,2107,2.92829E-06,0.00616991,,75,7182,0.010442774,
17,4199178,4.04841E-06,,,148,7205,2.85098E-06,0.020541291,,60,6233,0.009626183,
20,4577820,4.36889E-06,,,10,1873,2.85052E-06,0.005339028,,5,1619,0.003088326,
16,3863038,4.14182E-06,,,24,2859,2.93618E-06,0.008394544,,61,6522,0.009352959,
17,3957349,4.29581E-06,,,101,5879,2.92223E-06,0.017179792,,22,3775,0.005827815,
13,3237324,4.01566E-06,,,220,8703,2.90459E-06,0.02527864,,17,3445,0.004934688,
13,3049078,4.26358E-06,,,87,5519,2.85626E-06,0.015763725,,16,3249,0.004924592,
37,8879104,4.16709E-06,,,166,7553,2.90984E-06,0.021978022,,83,7348,0.011295591,
32,7521535,4.25445E-06,,,88,5521,2.887E-06,0.015939141,,5,1684,0.002969121,
17,4019397,4.22949E-06,,,140,7037,2.82718E-06,0.019894842,,100,8265,0.012099214,
12,2731089,4.39385E-06,,,212,8602,2.86508E-06,0.024645431,,53,5828,0.009094029,
15,3536277,4.24175E-06,,,201,8406,2.84457E-06,0.023911492,,5,1731,0.002888504,
6,1635584,3.66841E-06,,,184,8025,2.85712E-06,0.022928349,,9,2503,0.003595685,
16,3741065,4.27686E-06,,,235,9123,2.82353E-06,0.02575907,,46,5595,0.008221626,
25,5701448,4.38485E-06,,,20,2603,2.95176E-06,0.007683442,,3,1236,0.002427184,
37,8639738,4.28254E-06,,,182,8013,2.83453E-06,0.022713091,,2,1243,0.00160901,
8,1836579,4.35592E-06,,,92,5697,2.83462E-06,0.01614885,,41,5380,0.007620818,
18,4211543,4.27397E-06,,,13,2141,2.83602E-06,0.006071929,,13,3132,0.004150702,
9,1279142,7.03597E-06,,,93,5755,2.80797E-06,0.016159861,,9,2366,0.003803888,
9,2047665,4.39525E-06,,,102,5960,2.87149E-06,0.017114094,,54,6037,0.00894484,
38,7627289,4.98211E-06,,,3,1017,2.90054E-06,0.002949853,,123,9068,0.013564182,
24,5884334,4.07863E-06,,,40,3591,3.10191E-06,0.011138959,,85,7661,0.011095157,
33,7627938,4.3262E-06,,,33,3347,2.94579E-06,0.009859576,,22,3976,0.005533199,
33,7882307,4.18659E-06,,,108,6148,2.8573E-06,0.017566688,,29,4371,0.006634637,
32,7666099,4.17422E-06,,,279,9931,2.8289E-06,0.028093848,,9,2266,0.003971756,
14,3199265,4.37601E-06,,,231,9023,2.83733E-06,0.025601241,,76,7261,0.010466878,
33,7962298,4.14453E-06,,,84,5443,2.83532E-06,0.015432666,,25,4235,0.005903188,
11,2489860,4.41792E-06,,,37,3587,2.87567E-06,0.010315026,,97,8165,0.011879976,
23,5537631,4.1534E-06,,,19,2465,3.12694E-06,0.007707911,,60,6427,0.009335615,
35,8482177,4.1263E-06,,,83,5373,2.87504E-06,0.015447608,,28,4255,0.006580494,
25,5927643,4.21753E-06,,,215,8596,2.90968E-06,0.025011633,,101,8319,0.012140882,
34,8017117,4.24093E-06,,,23,2709,3.13408E-06,0.008490218,,62,6563,0.009446899,
27,4191993,6.44085E-06,,,29,3131,2.95823E-06,0.009262217,,118,8966,0.01316083,
28,6712137,4.17155E-06,,,27,3027,2.94672E-06,0.008919722,,28,4405,0.006356413,
40,9891796,4.04376E-06,,,49,4104,2.90925E-06,0.011939571,,54,6098,0.008855362,
19,4301913,4.41664E-06,,,19,2450,3.16535E-06,0.007755102,,22,3854,0.005708355,
24,5696215,4.21332E-06,,,147,7079,2.93342E-06,0.020765645,,115,8767,0.013117372,
5,1310720,3.8147E-06,,,84,5184,3.12571E-06,0.016203704,,84,7369,0.011399104,
23,5080747,4.52689E-06,,,24,2790,3.08321E-06,0.008602151,,4,1636,0.002444988,
33,7884808,4.18526E-06,,,86,5373,2.97896E-06,0.016005956,,20,3582,0.005583473,
25,6028403,4.14704E-06,,,92,5657,2.87485E-06,0.016263037,,29,4412,0.006572983,
28,6733931,4.15805E-06,,,100,5913,2.86012E-06,0.016911889,,124,9260,0.013390929,
15,3719428,4.03288E-06,,,19,2287,3.63263E-06,0.008307827,,41,5219,0.007855911,
35,8340972,4.19615E-06,,,280,9866,2.87658E-06,0.028380296,,13,2875,0.004521739,
31,7263249,4.26806E-06,,,141,6587,3.2497E-06,0.021405799,,4,1593,0.002510986,
12,3054511,3.92862E-06,,,16,2309,3.00104E-06,0.006929407,,110,8466,0.012993149,
19,4596936,4.13319E-06,,,118,6357,2.91996E-06,0.018562215,,83,5355,0.015499533,
35,8804166,3.97539E-06,,,50,4027,3.08324E-06,0.012416191,,17,2902,0.005858029,
27,6646995,4.06199E-06,,,275,9686,2.93119E-06,0.028391493,,46,5593,0.008224566,
21,4910925,4.27618E-06,,,207,8493,2.86978E-06,0.024373013,,3,1559,0.00192431,
38,8765732,4.33506E-06,,,66,4785,2.88257E-06,0.013793103,,22,3822,0.005756149,
12,2508744,4.78327E-06,,,192,8186,2.86522E-06,0.023454679,,133,9483,0.014025098,
24,5740566,4.18077E-06,,,217,8727,2.84924E-06,0.02486536,,3,1458,0.002057613,
35,8168952,4.28452E-06,,,173,7794,2.8479E-06,0.022196561,,3,1506,0.001992032,
12,2405589,4.98838E-06,,,11,2024,2.68517E-06,0.005434783,,93,7877,0.011806525,
21,4411017,4.76081E-06,,,28,3136,2.84712E-06,0.008928571,,1,1057,0.000946074,
36,7021561,5.12707E-06,,,219,8772,2.84608E-06,0.0249658,,7,2172,0.003222836,
15,3392884,4.42102E-06,,,155,7400,2.83053E-06,0.020945946,,117,8805,0.013287905,
14,3235639,4.32681E-06,,,69,4838,2.94793E-06,0.014262092,,107,8185,0.013072694,
17,4467860,3.80495E-06,,,108,6076,2.92542E-06,0.017774852,,138,9375,0.01472,
39,9078891,4.29568E-06,,,4,1076,3.4549E-06,0.003717472,,49,5400,0.009074074,
42,9755486,4.30527E-06,,,24,2844,2.96724E-06,0.008438819,,31,4338,0.00714615,
43,9241622,4.65286E-06,,,283,9886,2.89564E-06,0.02862634,,8,2226,0.00359389,
24,5948352,4.03473E-06,,,68,4906,2.82523E-06,0.013860579,,139,9413,0.014766812,
15,3808316,3.93875E-06,,,56,4441,2.8394E-06,0.012609773,,46,5511,0.008346942,
22,5329374,4.12806E-06,,,79,5244,2.87278E-06,0.015064836,,129,8615,0.014973883,
21,4900502,4.28528E-06,,,34,3325,3.07536E-06,0.010225564,,165,9851,0.016749569,
25,6233294,4.01072E-06,,,48,4061,2.91055E-06,0.011819749,,136,9442,0.014403728,
41,9822775,4.17397E-06,,,92,5711,2.82074E-06,0.016109263,,35,4756,0.007359125,
27,6797211,3.97222E-06,,,225,8874,2.85722E-06,0.02535497,,92,7076,0.013001696,
39,8530914,4.57161E-06,,,31,3273,2.89381E-06,0.009471433,,142,9849,0.014417707,
12,2917833,4.11264E-06,,,4,1229,2.64823E-06,0.003254679,,68,6862,0.009909647,
10,2628309,3.80473E-06,,,12,1982,3.05474E-06,0.00605449,,1,1026,0.000974659,
27,6494069,4.15764E-06,,,96,5707,2.94751E-06,0.016821447,,135,8318,0.016229863,
30,6875393,4.36339E-06,,,190,8153,2.85837E-06,0.023304305,,17,3199,0.005314161,
42,9674006,4.34153E-06,,,86,5427,2.91997E-06,0.015846692,,123,9022,0.013633341,
32,6984582,4.58152E-06,,,45,3955,2.87687E-06,0.011378003,,31,4403,0.007040654,
30,5352547,5.60481E-06,,,66,4846,2.81046E-06,0.01361948,,134,9428,0.014212983,
23,5529209,4.15973E-06,,,173,7771,2.86479E-06,0.022262257,,77,7248,0.01062362,
20,4252860,4.70272E-06,,,166,7629,2.85215E-06,0.021759077,,120,9003,0.01332889,
31,7268349,4.26507E-06,,,275,9784,2.87276E-06,0.028107114,,81,7466,0.010849183,
28,6759709,4.14219E-06,,,5,1349,2.74755E-06,0.003706449,,117,8994,0.013008672,
13,3370580,3.8569E-06,,,112,6271,2.84803E-06,0.01785999,,10,2542,0.00393391,
10,2209956,4.52498E-06,,,173,7823,2.82683E-06,0.022114278,,78,7344,0.010620915,
13,2588962,5.02132E-06,,,171,7725,2.86549E-06,0.022135922,,46,5561,0.008271894,
32,7554634,4.23581E-06,,,108,5810,3.19942E-06,0.01858864,,33,4742,0.006959089,
24,5718402,4.19698E-06,,,178,7908,2.84634E-06,0.022508852,,43,5478,0.00784958,
5,1423326,3.5129E-06,,,40,3671,2.96819E-06,0.010896214,,6,1837,0.003266195,
50,9866861,5.06747E-06,,,68,4869,2.86833E-06,0.013965907,,104,8239,0.012622891,
39,9396348,4.15055E-06,,,190,8184,2.83676E-06,0.023216031,,93,8053,0.011548491,
51,9546107,5.34249E-06,,,11,2015,2.70921E-06,0.005459057,,76,7016,0.010832383,
15,3239656,4.63012E-06,,,29,3166,2.89318E-06,0.009159823,,8,2440,0.003278689,
37,8079186,4.57967E-06,,,147,7223,2.81762E-06,0.020351654,,5,1648,0.003033981,
10,2514114,3.97754E-06,,,132,6816,2.84128E-06,0.019366197,,19,3651,0.005204054,
33,7714118,4.27787E-06,,,204,8380,2.90497E-06,0.024343675,,18,3355,0.005365127,
13,3132238,4.15039E-06,,,124,6576,2.86746E-06,0.018856448,,8,2151,0.0037192,
42,9401066,4.46758E-06,,,267,9499,2.95907E-06,0.028108222,,78,7267,0.010733453,
23,5415580,4.24701E-06,,,84,5271,3.02338E-06,0.015936255,,46,5519,0.008334843,
39,8848344,4.4076E-06,,,9,1711,3.07427E-06,0.005260082,,14,3130,0.004472843,
56,8083389,6.92779E-06,,,138,6702,3.07235E-06,0.020590868,,75,7067,0.010612707,
33,8026777,4.11124E-06,,,47,3975,2.97457E-06,0.011823899,,25,3907,0.006398771,
11,2472948,4.44813E-06,,,19,2596,2.81932E-06,0.007318952,,83,7523,0.011032833,
35,8188486,4.27429E-06,,,70,4835,2.99437E-06,0.014477766,,100,8355,0.011968881,
23,5514346,4.17094E-06,,,26,2994,2.90048E-06,0.008684035,,80,7364,0.010863661,
28,7041908,3.9762E-06,,,25,2965,2.84374E-06,0.008431703,,76,7308,0.010399562,
23,5433366,4.2331E-06,,,223,8904,2.81277E-06,0.025044924,,142,9829,0.014447044,
36,6457462,5.57495E-06,,,130,6731,2.86935E-06,0.019313624,,18,3505,0.005135521,
42,9477289,4.43165E-06,,,32,3303,2.93314E-06,0.009688162,,14,3039,0.004606779,
8,1835823,4.35772E-06,,,164,7485,2.92725E-06,0.021910488,,118,8993,0.013121317,
31,7806924,3.97083E-06,,,167,7688,2.82546E-06,0.021722164,,97,8154,0.011896002,
52,9562024,5.43818E-06,,,206,8570,2.80482E-06,0.02403734,,61,6347,0.00961084,
36,6996948,5.1451E-06,,,112,6172,2.94013E-06,0.018146468,,106,8476,0.012505899,
6,1193109,5.02888E-06,,,140,6969,2.88262E-06,0.020088965,,61,6418,0.009504519,
25,3774136,6.62403E-06,,,237,9148,2.83202E-06,0.025907302,,2,1322,0.001512859,
54,9724705,5.55287E-06,,,158,7456,2.84214E-06,0.021190987,,116,8955,0.012953657,
37,8903409,4.15571E-06,,,156,7366,2.87515E-06,0.021178387,,19,3662,0.005188422,
15,3383393,4.43342E-06,,,11,1982,2.80018E-06,0.00554995,,129,9378,0.013755598,
11,2724519,4.03741E-06,,,44,3893,2.90325E-06,0.011302338,,11,2590,0.004247104,
26,5468522,4.75448E-06,,,7,1670,2.50995E-06,0.004191617,,67,6860,0.009766764,
35,8233019,4.25117E-06,,,47,3982,2.96412E-06,0.011803114,,32,4671,0.006850781,
39,7280791,5.35656E-06,,,4,1192,2.81519E-06,0.003355705,,97,8133,0.011926718,
19,4788828,3.96757E-06,,,22,2768,2.87138E-06,0.007947977,,11,2714,0.004053058,
8,1728368,4.62864E-06,,,222,8818,2.85504E-06,0.025175777,,36,4985,0.007221665,
19,4290954,4.42792E-06,,,24,2904,2.84589E-06,0.008264463,,139,9585,0.014501826,
29,6787450,4.27259E-06,,,234,9049,2.85769E-06,0.025859211,,57,6453,0.008833101,
19,4759774,3.99179E-06,,,79,5258,2.8575E-06,0.015024724,,137,9661,0.014180727,
9,2246859,4.00559E-06,,,162,7446,2.92192E-06,0.021756648,,11,2905,0.003786575,
12,2766823,4.3371E-06,,,124,6531,2.90712E-06,0.018986373,,31,4636,0.006686799,
15,3610034,4.15509E-06,,,25,2966,2.84183E-06,0.00842886,,13,2933,0.004432322,
41,9609499,4.26661E-06,,,177,7847,2.87452E-06,0.022556391,,9,2412,0.003731343,
15,3327411,4.50801E-06,,,33,3376,2.8954E-06,0.009774882,,56,6196,0.009038089,
24,5873809,4.08593E-06,,,266,9678,2.83995E-06,0.027485018,,124,9001,0.013776247,
40,9743672,4.10523E-06,,,74,5098,2.84729E-06,0.014515496,,10,2685,0.003724395,
17,4406812,3.85766E-06,,,285,9956,2.87525E-06,0.028625954,,29,4443,0.006527121,
8,1963624,4.0741E-06,,,52,4196,2.95347E-06,0.012392755,,143,9878,0.014476615,
9,2342166,3.8426E-06,,,198,8336,2.84938E-06,0.023752399,,112,8820,0.012698413,
16,3854814,4.15065E-06,,,188,8139,2.83802E-06,0.023098661,,92,7918,0.011619096,
35,7813183,4.47961E-06,,,8,1608,3.09398E-06,0.004975124,,125,9333,0.013393335,
27,6341583,4.25761E-06,,,186,8115,2.82446E-06,0.022920518,,113,8723,0.012954259,
35,8239550,4.2478E-06,,,6,1456,2.83027E-06,0.004120879,,5,1816,0.002753304,
35,8122593,4.30897E-06,,,47,3989,2.95372E-06,0.011782402,,13,3093,0.004203039,
18,2493693,7.21821E-06,,,130,6750,2.85322E-06,0.019259259,,33,4727,0.006981172,
39,9720478,4.01215E-06,,,126,6646,2.85266E-06,0.018958772,,2,1044,0.001915709,
34,8013438,4.24287E-06,,,112,6276,2.84349E-06,0.017845762,,11,2900,0.003793103,
40,8997700,4.44558E-06,,,88,5542,2.86516E-06,0.015878744,,16,3185,0.005023548,
16,2717648,5.88744E-06,,,52,4249,2.88025E-06,0.012238174,,25,4113,0.006078288,
14,3736987,3.74633E-06,,,55,4402,2.83833E-06,0.012494321,,2,1208,0.001655629,
11,1855068,5.9297E-06,,,173,7781,2.85743E-06,0.022233646,,5,1847,0.002707093,
28,3768464,7.43008E-06,,,78,5251,2.82885E-06,0.014854313,,37,4902,0.00754794,
19,4143242,4.58578E-06,,,181,7950,2.86381E-06,0.022767296,,36,5019,0.007172744,
20,4250148,4.70572E-06,,,22,2604,3.24445E-06,0.008448541,,91,7918,0.011492801,
10,2469617,4.04921E-06,,,276,9793,2.87791E-06,0.028183396,,89,7761,0.011467594,
36,7785723,4.62385E-06,,,269,9682,2.86961E-06,0.027783516,,91,7799,0.011668163,
9,2281702,3.94442E-06,,,23,2800,2.93367E-06,0.008214286,,6,2027,0.002960039,
12,2945986,4.07334E-06,,,269,9802,2.79977E-06,0.027443379,,67,6785,0.009874724,
7,1603983,4.36414E-06,,,41,3791,2.85283E-06,0.010815088,,15,3128,0.004795396,
31,6691238,4.63292E-06,,,93,5696,2.86644E-06,0.016327247,,26,4269,0.006090419,
7,1418495,4.93481E-06,,,11,2000,0.00000275,0.0055,,30,4434,0.0067659,
10,2054963,4.86627E-06,,,9,1665,3.24649E-06,0.005405405,,4,1599,0.002501563,
23,5231372,4.39655E-06,,,266,9072,3.23203E-06,0.029320988,,50,5926,0.008437395,
34,8018833,4.24002E-06,,,62,4514,3.04277E-06,0.013735047,,112,8681,0.012901739,
39,8832713,4.4154E-06,,,81,5308,2.8749E-06,0.015259985,,6,1896,0.003164557,
46,9700342,4.7421E-06,,,215,8686,2.8497E-06,0.024752475,,35,4918,0.007116714,
45,9120980,4.93368E-06,,,72,4999,2.88115E-06,0.014402881,,87,7728,0.011257764,
31,6093088,5.08773E-06,,,56,4410,2.87946E-06,0.012698413,,89,7781,0.011438118,
27,6000451,4.49966E-06,,,245,9143,2.93082E-06,0.026796456,,102,8227,0.012398201,
27,5591839,4.82847E-06,,,74,5025,2.93062E-06,0.014726368,,6,2069,0.002899952,
43,9631435,4.46455E-06,,,50,4174,2.86989E-06,0.011978917,,48,5775,0.008311688,
10,2237335,4.4696E-06,,,203,8466,2.8323E-06,0.023978266,,3,1406,0.002133713,
30,7093984,4.22894E-06,,,67,4877,2.81689E-06,0.013737954,,31,4606,0.006730352,
34,8006517,4.24654E-06,,,10,1825,3.00244E-06,0.005479452,,15,3095,0.004846527,
33,7958250,4.14664E-06,,,27,3079,2.84803E-06,0.008769081,,107,8584,0.012465051,
20,3920873,5.1009E-06,,,89,5382,3.07258E-06,0.016536603,,94,8083,0.011629346,
31,6495751,4.77235E-06,,,23,2777,2.98247E-06,0.008282319,,144,9799,0.014695377,
25,6257609,3.99514E-06,,,66,4716,2.96754E-06,0.013994911,,109,8208,0.013279727,
46,9738391,4.72357E-06,,,17,2331,3.1287E-06,0.007293007,,3,1316,0.002279635,
31,7624728,4.06572E-06,,,72,5051,2.82213E-06,0.014254603,,50,5756,0.008686588,
27,6234667,4.33062E-06,,,54,4346,2.859E-06,0.012425219,,137,9550,0.01434555,
39,9142029,4.26601E-06,,,110,5420,3.7445E-06,0.020295203,,113,8393,0.013463601,
12,2869174,4.18239E-06,,,12,2044,2.87223E-06,0.005870841,,67,6730,0.009955423,
38,8885945,4.27642E-06,,,114,6272,2.89796E-06,0.01817602,,30,4487,0.006685982,
26,6221973,4.17874E-06,,,6,1470,2.77662E-06,0.004081633,,2,1198,0.001669449,
34,8178629,4.15718E-06,,,99,5843,2.89977E-06,0.016943351,,110,8660,0.012702079,
15,3634046,4.12763E-06,,,283,9891,2.89272E-06,0.028611869,,91,7866,0.011568777,
30,7192331,4.17111E-06,,,170,7725,2.84873E-06,0.022006472,,8,2334,0.003427592,
21,4914842,4.27277E-06,,,20,2646,2.85661E-06,0.007558579,,108,8640,0.0125,
7,1801762,3.88509E-06,,,32,3237,3.05397E-06,0.009885697,,2,1171,0.001707942,
36,8744414,4.11691E-06,,,16,2388,2.80577E-06,0.006700168,,64,6661,0.009608167,
33,8142700,4.05271E-06,,,233,9073,2.83044E-06,0.025680591,,3,1433,0.00209351,
11,2568167,4.28321E-06,,,221,8730,2.89977E-06,0.025315006,,9,2573,0.003497862,
20,5058537,3.95371E-06,,,60,4618,2.81348E-06,0.012992638,,115,8946,0.012854907,
24,5704529,4.20718E-06,,,20,2622,2.90914E-06,0.007627765,,6,1961,0.003059663,
36,8562123,4.20456E-06,,,176,7858,2.85029E-06,0.022397557,,138,9714,0.0142063,
9,2548434,3.53158E-06,,,188,8116,2.85413E-06,0.02316412,,54,6001,0.0089985,
29,6773163,4.2816E-06,,,9,1820,2.71706E-06,0.004945055,,77,7234,0.01064418,
27,4985558,5.41564E-06,,,182,8054,2.80574E-06,0.022597467,,6,1926,0.003115265,
34,8067307,4.21454E-06,,,264,9674,2.82093E-06,0.027289642,,22,3863,0.005695056,
23,5278319,4.35745E-06,,,12,1992,3.02414E-06,0.006024096,,24,3977,0.0060347,
28,6588094,4.25009E-06,,,5,1287,3.01865E-06,0.003885004,,39,5187,0.007518797,
15,3855278,3.89077E-06,,,55,4371,2.87873E-06,0.012582933,,19,3755,0.00505992,
29,6914194,4.19427E-06,,,138,6949,2.85782E-06,0.019858973,,2,1050,0.001904762,
10,2256621,4.4314E-06,,,15,2313,2.80375E-06,0.006485084,,59,6434,0.009170034,
40,9769198,4.0945E-06,,,179,7943,2.83716E-06,0.022535566,,107,8429,0.01269427,
35,8351496,4.19087E-06,,,152,7315,2.84063E-06,0.020779221,,137,9722,0.014091751,
15,3827981,3.91851E-06,,,124,6568,2.87445E-06,0.018879415,,110,7900,0.013924051,
18,4255367,4.22995E-06,,,36,3460,3.00712E-06,0.010404624,,35,4984,0.007022472,
26,6170993,4.21326E-06,,,31,3230,2.97137E-06,0.009597523,,10,2764,0.003617945,
28,6810079,4.11155E-06,,,4,1262,2.51155E-06,0.003169572,,95,8068,0.011774913,
42,9915213,4.23592E-06,,,35,3458,2.92697E-06,0.010121457,,75,7091,0.010576787,
34,7234393,4.69977E-06,,,75,5110,2.87223E-06,0.014677104,,11,2621,0.004196871,
31,7297998,4.24774E-06,,,8,1763,2.57386E-06,0.00453772,,39,5158,0.00756107,
23,5562653,4.13472E-06,,,138,6932,2.87185E-06,0.019907675,,145,9927,0.014606628,
40,9688248,4.12871E-06,,,195,8226,2.88176E-06,0.023705325,,68,6695,0.010156833,
31,6733459,4.60387E-06,,,131,6711,2.90869E-06,0.019520191,,91,7971,0.011416384,
37,8969568,4.12506E-06,,,22,2829,2.74889E-06,0.0077766,,8,2306,0.003469211,
20,4904300,4.07805E-06,,,101,5949,2.85387E-06,0.016977643,,53,6162,0.008601104,
24,5694317,4.21473E-06,,,69,4901,2.87263E-06,0.014078759,,4,1568,0.00255102,
23,5502903,4.17961E-06,,,142,7103,2.81452E-06,0.019991553,,78,7194,0.010842369,
28,6698096,4.18029E-06,,,202,8360,2.89027E-06,0.024162679,,15,3226,0.004649721,
8,2198267,3.63923E-06,,,29,3169,2.88771E-06,0.009151152,,88,7795,0.011289288,
21,5234563,4.0118E-06,,,25,2868,3.03936E-06,0.008716876,,35,4844,0.007225434,
20,4916079,4.06828E-06,,,30,3231,2.87374E-06,0.009285051,,57,6323,0.009014708,
31,7524279,4.12E-06,,,136,6912,2.84663E-06,0.019675926,,76,7138,0.01064724,
13,3032486,4.28691E-06,,,37,3608,2.84229E-06,0.010254989,,13,2956,0.004397835,
41,9182838,4.46485E-06,,,27,3066,2.87223E-06,0.008806262,,27,4338,0.006224066,
15,3270295,4.58674E-06,,,91,5626,2.87503E-06,0.016174902,,36,4650,0.007741935,
15,3718150,4.03426E-06,,,39,3591,3.02436E-06,0.010860485,,117,8805,0.013287905,
27,5671843,4.76036E-06,,,260,9519,2.8694E-06,0.027313793,,7,2223,0.003148898,
24,5969740,4.02028E-06,,,267,9666,2.85771E-06,0.027622595,,81,7496,0.010805763,
31,7427716,4.17356E-06,,,52,4287,2.82941E-06,0.012129694,,119,9038,0.01316663,
6,1450907,4.13534E-06,,,176,7836,2.86631E-06,0.022460439,,17,3373,0.005040024,
34,7660471,4.43837E-06,,,215,8678,2.85495E-06,0.024775294,,55,6102,0.009013438,
39,9384257,4.1559E-06,,,86,5488,2.85542E-06,0.015670554,,13,2881,0.004512322,
31,7373628,4.20417E-06,,,70,4896,2.92022E-06,0.014297386,,73,7156,0.01020123,
36,8270078,4.35304E-06,,,57,4483,2.8362E-06,0.0127147,,12,2755,0.004355717,
21,5319952,3.9474E-06,,,14,2241,2.78769E-06,0.006247211,,30,4608,0.006510417,
42,9963545,4.21537E-06,,,211,8587,2.86154E-06,0.024572027,,26,4224,0.006155303,
39,9176731,4.24988E-06,,,272,9801,2.83158E-06,0.02775227,,9,2297,0.003918154,
38,6969352,5.45244E-06,,,60,4525,2.93031E-06,0.013259669,,2,1261,0.001586043,
21,5062153,4.14843E-06,,,60,4533,2.91998E-06,0.013236267,,45,5535,0.008130081,
10,2390810,4.18268E-06,,,19,2569,2.87889E-06,0.007395874,,4,1808,0.002212389,
15,3524587,4.25582E-06,,,75,5087,2.89826E-06,0.014743464,,27,4221,0.006396588,
9,2234487,4.02777E-06,,,38,3566,2.98828E-06,0.010656197,,67,6772,0.00989368,
24,5889531,4.07503E-06,,,142,7062,2.8473E-06,0.020107618,,47,5714,0.008225411,
27,6501903,4.15263E-06,,,159,7440,2.87244E-06,0.021370968,,121,9021,0.013413147,
6,1477063,4.06212E-06,,,48,4121,2.82642E-06,0.011647658,,4,1594,0.00250941,
17,4267924,3.9832E-06,,,47,4037,2.8839E-06,0.011642309,,118,9005,0.013103831,
26,6191100,4.19958E-06,,,210,8598,2.84069E-06,0.024424285,,5,1930,0.002590674,
39,9213144,4.23308E-06,,,44,3963,2.80159E-06,0.0111027,,22,3990,0.005513784,
26,6331616,4.10638E-06,,,156,7357,2.88219E-06,0.021204295,,32,4668,0.006855184,
14,3447331,4.06111E-06,,,26,2869,3.15873E-06,0.009062391,,63,6562,0.009600731,
9,1958833,4.59457E-06,,,42,3621,3.20326E-06,0.011599006,,135,9625,0.014025974,
40,9926103,4.02978E-06,,,23,2820,2.89221E-06,0.008156028,,1,1254,0.000797448,
40,9526455,4.19883E-06,,,145,6881,3.06242E-06,0.021072519,,97,8062,0.012031754,
28,6957080,4.02468E-06,,,214,8467,2.98507E-06,0.025274595,,61,6475,0.009420849,
9,1847143,4.87239E-06,,,38,3597,2.93699E-06,0.010564359,,82,5075,0.016157635,
28,6739413,4.15466E-06,,,3,1099,2.48385E-06,0.002729754,,138,9644,0.014309415,
30,7321136,4.09772E-06,,,4,1114,3.22322E-06,0.003590664,,105,8468,0.012399622,
31,7246673,4.27783E-06,,,256,9501,2.83597E-06,0.026944532,,137,9630,0.014226376,
35,8077194,4.33319E-06,,,8,1523,3.44898E-06,0.005252791,,18,3458,0.005205321,
13,3103407,4.18894E-06,,,181,8002,2.82671E-06,0.022619345,,2,1109,0.001803427,
10,2588828,3.86275E-06,,,15,2316,2.7965E-06,0.006476684,,34,4622,0.007356123,
34,8116457,4.18902E-06,,,32,3257,3.01658E-06,0.009824992,,16,3402,0.004703116,
30,7048102,4.25647E-06,,,225,8935,2.81834E-06,0.025181869,,130,9424,0.013794567,
34,8390259,4.05232E-06,,,27,2994,3.01204E-06,0.009018036,,98,7988,0.012268403,
39,9430502,4.13552E-06,,,2,1072,1.74037E-06,0.001865672,,12,2848,0.004213483,
8,2208481,3.6224E-06,,,2,1019,1.92611E-06,0.001962709,,98,7987,0.012269939,
40,9658762,4.14132E-06,,,75,5095,2.88917E-06,0.014720314,,130,9288,0.013996555,
5,1220480,4.09675E-06,,,185,8004,2.88774E-06,0.023113443,,109,8581,0.012702482,
6,1478489,4.0582E-06,,,64,4734,2.85577E-06,0.013519223,,2,1392,0.001436782,
40,9689150,4.12833E-06,,,5,1236,3.2729E-06,0.004045307,,61,6408,0.009519351,
29,6766804,4.28563E-06,,,6,1408,3.02654E-06,0.004261364,,107,8510,0.012573443,
10,2286041,4.37437E-06,,,128,6704,2.84801E-06,0.019093079,,20,3764,0.005313496,
23,5695364,4.03837E-06,,,98,5853,2.86068E-06,0.01674355,,19,3501,0.005427021,
30,6950360,4.31632E-06,,,104,6029,2.86116E-06,0.017249959,,5,2002,0.002497502,
33,7915352,4.16911E-06,,,242,9183,2.86976E-06,0.026353044,,43,5463,0.007871133,
32,7841038,4.08109E-06,,,5,1341,2.78043E-06,0.003728561,,9,2330,0.003862661,
34,8193803,4.14948E-06,,,142,7026,2.87655E-06,0.020210646,,96,8104,0.011846002,
10,2227115,4.49011E-06,,,289,9941,2.92441E-06,0.029071522,,76,7240,0.010497238,
18,4443566,4.0508E-06,,,230,8747,3.00614E-06,0.02629473,,53,5940,0.008922559,
26,5992754,4.33857E-06,,,250,9068,3.0403E-06,0.027569475,,38,5070,0.007495069,
21,5104071,4.11436E-06,,,58,4197,3.29268E-06,0.013819395,,49,5862,0.008358922,
22,5132113,4.28673E-06,,,129,6683,2.88833E-06,0.019302708,,106,8473,0.012510327,
6,1363581,4.40018E-06,,,211,8600,2.85289E-06,0.024534884,,5,1882,0.002656748,
26,6419122,4.0504E-06,,,15,2230,3.01635E-06,0.006726457,,36,4783,0.007526657,
24,5797998,4.13936E-06,,,17,2390,2.97614E-06,0.007112971,,61,6461,0.009441263,
30,7241630,4.14271E-06,,,190,8045,2.93563E-06,0.023617154,,121,9133,0.013248659,
33,7934276,4.15917E-06,,,214,8677,2.84233E-06,0.024662902,,10,2565,0.003898635,
17,4163011,4.08358E-06,,,128,6614,2.92605E-06,0.019352888,,7,1826,0.003833516,
16,3841791,4.16472E-06,,,47,4055,2.85835E-06,0.011590629,,44,5592,0.007868383,
37,9032052,4.09652E-06,,,15,2056,3.5485E-06,0.00729572,,16,3372,0.004744958,
40,9691440,4.12735E-06,,,106,6069,2.87787E-06,0.01746581,,79,7308,0.010810071,
27,6709412,4.0242E-06,,,78,5223,2.85927E-06,0.014933946,,37,4808,0.007695507,
37,8894763,4.15975E-06,,,8,1675,2.85141E-06,0.004776119,,50,5803,0.008616233,
37,8662674,4.2712E-06,,,282,9965,2.83984E-06,0.028299047,,142,9860,0.014401623,
24,5804235,4.13491E-06,,,123,6511,2.90141E-06,0.018891107,,15,3085,0.004862237,
23,5638534,4.07907E-06,,,67,4747,2.97328E-06,0.014114177,,8,2248,0.003558719,
39,9397001,4.15026E-06,,,192,8093,2.93145E-06,0.023724206,,34,4700,0.007234043,
30,7327958,4.09391E-06,,,124,6563,2.87884E-06,0.018893799,,5,1732,0.002886836,
20,5019451,3.9845E-06,,,96,5750,2.90359E-06,0.016695652,,69,6940,0.009942363,
23,5765972,3.98892E-06,,,124,6549,2.89116E-06,0.018934188,,7,2180,0.003211009,
14,3296284,4.24721E-06,,,139,6998,2.83836E-06,0.019862818,,83,7578,0.010952758,
30,7161197,4.18924E-06,,,26,2950,2.98765E-06,0.008813559,,43,5449,0.007891356,
29,7127929,4.0685E-06,,,253,9460,2.82708E-06,0.026744186,,74,7115,0.010400562,
37,8830517,4.19002E-06,,,90,5616,2.85357E-06,0.016025641,,106,8489,0.012486748,
9,2252980,3.99471E-06,,,83,5410,2.83585E-06,0.015341959,,32,4621,0.006924908,
20,4961604,4.03095E-06,,,24,2858,2.93824E-06,0.008397481,,105,8521,0.012322497,
20,4841586,4.13088E-06,,,218,8711,2.8729E-06,0.025025829,,7,2163,0.003236246,
18,4470851,4.02608E-06,,,166,7662,2.82764E-06,0.021665362,,98,8294,0.01181577,
11,2731387,4.02726E-06,,,36,3559,2.84215E-06,0.010115201,,43,5326,0.008073601,
6,1338117,4.48391E-06,,,15,2231,3.01365E-06,0.006723442,,19,3618,0.00525152,
18,4204875,4.28075E-06,,,76,5152,2.86327E-06,0.014751553,,53,5949,0.00890906,
35,8444300,4.14481E-06,,,248,9272,2.88473E-06,0.026747196,,57,6262,0.009102523,
4,1137010,3.518E-06,,,119,6482,2.83223E-06,0.018358531,,36,5065,0.007107601,
22,5215732,4.21801E-06,,,101,5936,2.86638E-06,0.017014825,,42,5352,0.007847534,
29,7181078,4.03839E-06,,,12,1929,3.2249E-06,0.00622084,,47,5719,0.00821822,
29,6783928,4.27481E-06,,,290,9733,3.06129E-06,0.029795541,,112,8810,0.012712826,
14,2691424,5.20171E-06,,,134,6801,2.89707E-06,0.019702985,,139,9612,0.01446109,
33,8034011,4.10754E-06,,,47,4036,2.88533E-06,0.011645193,,139,9711,0.014313665,
32,7851694,4.07555E-06,,,252,9093,3.0478E-06,0.027713626,,32,4541,0.007046906,
32,7864748,4.06879E-06,,,14,2008,3.47217E-06,0.006972112,,87,7607,0.011436834,
17,4049886,4.19765E-06,,,139,6639,3.15362E-06,0.020936888,,4,1622,0.002466091,
10,2382404,4.19744E-06,,,5,1338,2.79292E-06,0.003736921,,12,2711,0.004426411,
36,8746298,4.11603E-06,,,128,6690,2.85995E-06,0.019133034,,29,4463,0.006497871,
12,3155417,3.80298E-06,,,5,1113,4.03627E-06,0.004492363,,25,4250,0.005882353,
41,9761592,4.20013E-06,,,118,6328,2.94679E-06,0.018647282,,53,5914,0.008961786,
10,2263352,4.41823E-06,,,89,5548,2.89146E-06,0.016041817,,96,8042,0.011937329,
5,1180575,4.23522E-06,,,75,5008,2.99042E-06,0.014976038,,68,6905,0.009847936,
16,3768737,4.24545E-06,,,140,7009,2.84981E-06,0.019974319,,85,7735,0.010989011,
17,2548423,6.67079E-06,,,215,8598,2.90833E-06,0.025005815,,52,5825,0.008927039,
7,1651632,4.23823E-06,,,220,8684,2.91731E-06,0.025333947,,2,1257,0.00159109,
30,7121852,4.21239E-06,,,18,2446,3.00857E-06,0.007358953,,47,5647,0.008323003,
22,4792445,4.59056E-06,,,74,5014,2.94349E-06,0.014758676,,22,3874,0.005678885,
14,3035294,4.6124E-06,,,4,1246,2.57646E-06,0.003210273,,132,9551,0.013820542,
7,1527251,4.5834E-06,,,13,2117,2.90069E-06,0.006140765,,96,8244,0.011644833,
9,2024296,4.44599E-06,,,246,9325,2.82903E-06,0.026380697,,34,4570,0.007439825,
7,1781163,3.93002E-06,,,65,4670,2.98043E-06,0.01391863,,70,6853,0.010214505,
33,8003622,4.12313E-06,,,24,2834,2.98821E-06,0.008468596,,9,2342,0.003842869,
17,4099184,4.14717E-06,,,12,1956,3.13649E-06,0.006134969,,37,5085,0.007276303,
30,7280050,4.12085E-06,,,37,3526,2.97603E-06,0.010493477,,135,9595,0.014069828,
35,8721091,4.01326E-06,,,69,4889,2.88675E-06,0.014113316,,6,1922,0.003121748,
6,1459258,4.11168E-06,,,222,8840,2.84085E-06,0.025113122,,45,5591,0.00804865,
36,8508565,4.23103E-06,,,251,9293,2.90644E-06,0.027009577,,75,7120,0.010533708,
13,3417927,3.80348E-06,,,151,7243,2.87833E-06,0.020847715,,16,3188,0.005018821,
31,7240872,4.28125E-06,,,245,9255,2.86031E-06,0.026472177,,86,7730,0.011125485,
15,3807119,3.93999E-06,,,67,4844,2.8554E-06,0.013831544,,56,6260,0.008945687,
23,4902484,4.6915E-06,,,79,5231,2.88707E-06,0.015102275,,56,6206,0.009023526,
43,9947897,4.32252E-06,,,4,1258,2.52754E-06,0.00317965,,17,3449,0.004928965,
42,9835306,4.27033E-06,,,199,8308,2.8831E-06,0.023952817,,43,5341,0.008050927,
35,8207009,4.26465E-06,,,22,2722,2.96925E-06,0.008082292,,125,9337,0.013387598,
22,5403306,4.07158E-06,,,121,6489,2.87362E-06,0.018646941,,141,9780,0.014417178,
20,4797410,4.16892E-06,,,75,5130,2.84988E-06,0.014619883,,129,9303,0.013866495,
39,9392920,4.15206E-06,,,93,5719,2.84343E-06,0.016261584,,140,9661,0.014491253,
41,9748618,4.20572E-06,,,163,7555,2.85574E-06,0.021575116,,69,6764,0.010201064,
4,1163503,3.43789E-06,,,294,9806,3.05748E-06,0.029981644,,29,4452,0.006513926,
27,6614784,4.08177E-06,,,197,8370,2.812E-06,0.02353644,,8,2314,0.003457217,
30,7374122,4.06828E-06,,,196,8292,2.85061E-06,0.023637241,,3,1709,0.001755413,
7,1428386,4.90064E-06,,,224,8907,2.82348E-06,0.025148759,,131,9375,0.013973333,
26,6392245,4.06743E-06,,,164,7363,3.02506E-06,0.02227353,,113,8398,0.013455585,
29,6825135,4.249E-06,,,78,5200,2.88462E-06,0.015,,111,8099,0.013705396,
27,6573573,4.10736E-06,,,12,1878,3.40244E-06,0.006389776,,90,7158,0.012573345,
25,6036910,4.14119E-06,,,149,6453,3.57819E-06,0.023090036,,4,1719,0.002326934,
34,7967555,4.26731E-06,,,234,8895,2.95749E-06,0.026306914,,29,4007,0.007237335,
35,8216012,4.25997E-06,,,48,3763,3.38979E-06,0.01275578,,104,8162,0.012741975,
41,9518541,4.30738E-06,,,204,8389,2.89874E-06,0.024317559,,138,9167,0.015053998,
33,7972770,4.13909E-06,,,90,5421,3.06255E-06,0.016602103,,107,8229,0.013002795,
31,6006620,5.16097E-06,,,81,5204,2.99096E-06,0.01556495,,45,5364,0.008389262,
30,7002704,4.28406E-06,,,173,7720,2.90276E-06,0.022409326,,48,5468,0.008778347,
22,5204453,4.22715E-06,,,34,3265,3.18943E-06,0.010413476,,91,7547,0.012057771,
28,6687195,4.18711E-06,,,76,5179,2.83349E-06,0.014674648,,26,4091,0.006355414,
11,2556889,4.3021E-06,,,163,7359,3.00989E-06,0.022149749,,52,6007,0.008656567,
8,1777312,4.50118E-06,,,2,1009,1.96448E-06,0.001982161,,12,2846,0.004216444,
25,6049526,4.13256E-06,,,288,9977,2.89329E-06,0.028866393,,142,9586,0.014813269,
8,1933631,4.13729E-06,,,19,2405,3.28491E-06,0.007900208,,74,7143,0.010359793,
23,5391856,4.26569E-06,,,24,2914,2.82639E-06,0.008236102,,13,2936,0.004427793,
37,8481011,4.36269E-06,,,50,4191,2.84665E-06,0.011930327,,22,3875,0.005677419,
36,8662221,4.15598E-06,,,195,8316,2.81972E-06,0.023448773,,37,4521,0.00818403,
32,7247309,4.41543E-06,,,8,1654,2.92428E-06,0.004836759,,22,3790,0.005804749,
28,6748014,4.14937E-06,,,3,1142,2.30032E-06,0.00262697,,108,8002,0.013496626,
7,1555534,4.50006E-06,,,146,7157,2.8503E-06,0.020399609,,43,5470,0.00786106,
30,7258501,4.13308E-06,,,121,6554,2.81691E-06,0.018462008,,59,5884,0.010027192,
10,2112114,4.73459E-06,,,136,6832,2.91369E-06,0.019906323,,51,5511,0.009254219,
16,3723197,4.29738E-06,,,117,6390,2.86539E-06,0.018309859,,157,9955,0.015770969,
12,2727803,4.39914E-06,,,195,8247,2.8671E-06,0.023644962,,57,6101,0.009342731,
23,5340228,4.30693E-06,,,131,6771,2.85736E-06,0.019347216,,150,9562,0.015687095,
9,2085546,4.31542E-06,,,12,2007,2.97911E-06,0.005979073,,14,3019,0.004637297,
30,6971622,4.30316E-06,,,56,4366,2.93779E-06,0.012826386,,126,8779,0.014352432,
15,3460628,4.33447E-06,,,271,9707,2.87607E-06,0.027917997,,105,8211,0.012787724,
27,6551740,4.12104E-06,,,73,5032,2.88298E-06,0.014507154,,3,1150,0.002608696,
27,6747264,4.00162E-06,,,5,1274,3.08057E-06,0.003924647,,68,6482,0.010490589,
26,6277170,4.14199E-06,,,116,6377,2.8525E-06,0.018190372,,28,3502,0.007995431,
24,5962893,4.02489E-06,,,14,2234,2.80519E-06,0.006266786,,46,5338,0.00861746,
13,3468522,3.74799E-06,,,17,2410,2.92695E-06,0.007053942,,88,7167,0.012278499,
32,7712719,4.14899E-06,,,43,3840,2.91612E-06,0.011197917,,51,5655,0.009018568,
31,7564055,4.09833E-06,,,111,6267,2.8262E-06,0.017711824,,93,7848,0.011850153,
20,4794105,4.17179E-06,,,101,5853,2.94825E-06,0.017256108,,5,1698,0.002944641,
23,5440097,4.22787E-06,,,113,6255,2.88818E-06,0.018065548,,45,5203,0.008648856,
38,9110576,4.17098E-06,,,82,5368,2.8457E-06,0.015275708,,14,2857,0.004900245,
15,3912761,3.83361E-06,,,27,3101,2.80776E-06,0.008706869,,103,8026,0.012833292,
28,6521151,4.29372E-06,,,39,3694,2.85806E-06,0.010557661,,49,5660,0.008657244,
39,9508628,4.10154E-06,,,19,2501,3.03757E-06,0.007596961,,67,6703,0.009995524,
16,3861115,4.14388E-06,,,280,9622,3.02432E-06,0.029099979,,91,7644,0.011904762,
9,2189189,4.11111E-06,,,35,3423,2.98713E-06,0.010224949,,42,5423,0.007744791,
11,1589119,6.92207E-06,,,250,9332,2.87072E-06,0.026789541,,13,2854,0.004555011,
34,7855433,4.32821E-06,,,80,5289,2.85985E-06,0.015125733,,10,2723,0.00367242,
28,6812530,4.11007E-06,,,33,2890,3.9511E-06,0.011418685,,62,6158,0.010068204,
29,6966251,4.16293E-06,,,53,4265,2.91365E-06,0.012426729,,153,9837,0.015553522,
26,6553462,3.96737E-06,,,199,8229,2.93873E-06,0.024182768,,11,2657,0.004140008,
9,2189489,4.11055E-06,,,214,8603,2.89144E-06,0.024875044,,63,6068,0.010382334,
14,3293011,4.25143E-06,,,151,7239,2.88151E-06,0.020859235,,154,9631,0.015990032,
6,1519672,3.94822E-06,,,27,2962,3.07747E-06,0.009115463,,79,6523,0.012110992,
17,4087329,4.1592E-06,,,207,8476,2.8813E-06,0.024421897,,2,1151,0.001737619,
42,9985188,4.20623E-06,,,16,2198,3.3118E-06,0.007279345,,16,2881,0.005553627,
41,9918743,4.13359E-06,,,96,5612,3.04815E-06,0.017106201,,12,2075,0.005783133,
13,2813568,4.62047E-06,,,4,1201,2.77315E-06,0.003330558,,4,1598,0.002503129,
8,1725782,4.63558E-06,,,204,8462,2.84895E-06,0.024107776,,15,2712,0.005530973,
8,1501011,5.32974E-06,,,268,9576,2.92258E-06,0.027986633,,5,1864,0.002682403,
19,4561389,4.1654E-06,,,292,9996,2.92234E-06,0.029211685,,84,7185,0.011691023,
23,5556389,4.13938E-06,,,22,2687,3.0471E-06,0.00818757,,129,9067,0.014227418,
22,5137692,4.28208E-06,,,54,4329,2.8815E-06,0.012474012,,5,1725,0.002898551,
22,5066475,4.34227E-06,,,154,7344,2.85532E-06,0.020969499,,27,4216,0.006404175,
5,1223416,4.08692E-06,,,80,5323,2.82343E-06,0.015029119,,52,5441,0.009557067,
22,5604106,3.92569E-06,,,15,2265,2.92385E-06,0.006622517,,112,8238,0.013595533,
24,5826463,4.11914E-06,,,25,3074,2.64565E-06,0.008132726,,22,3864,0.005693582,
5,1211569,4.12688E-06,,,139,6967,2.86367E-06,0.019951199,,155,9252,0.016753134,
31,7195525,4.30823E-06,,,166,7592,2.88002E-06,0.021865121,,27,3941,0.006851053,
39,9215093,4.23219E-06,,,5,1315,2.89147E-06,0.003802281,,66,6498,0.010156971,
47,9552357,4.92025E-06,,,181,7914,2.88992E-06,0.022870862,,113,8291,0.013629237,
29,6831124,4.24528E-06,,,249,9428,2.8013E-06,0.026410692,,5,1377,0.003631082,
10,2277730,4.39034E-06,,,216,8706,2.84981E-06,0.024810476,,43,5182,0.008297954,
37,8919884,4.14804E-06,,,133,6785,2.88903E-06,0.019602063,,146,9005,0.016213215,
18,4441997,4.05223E-06,,,13,2140,2.83868E-06,0.006074766,,26,4012,0.006480558,
16,3725924,4.29424E-06,,,106,6110,2.83938E-06,0.017348609,,9,2434,0.003697617,
5,1034094,4.83515E-06,,,99,5863,2.88002E-06,0.016885553,,15,3061,0.004900359,
26,6059087,4.29108E-06,,,52,4267,2.856E-06,0.012186548,,11,2721,0.004042631,
42,9704799,4.32776E-06,,,46,3993,2.88509E-06,0.01152016,,4,1380,0.002898551,
31,7543063,4.10974E-06,,,24,2814,3.03084E-06,0.008528785,,114,8239,0.013836631,
24,5020826,4.78009E-06,,,283,9962,2.85163E-06,0.02840795,,63,6645,0.009480813,
23,5363977,4.28786E-06,,,27,3114,2.78437E-06,0.00867052,,25,3856,0.006483402,
13,3111337,4.17827E-06,,,4,1226,2.66121E-06,0.003262643,,134,6609,0.020275382,
10,2349934,4.25544E-06,,,165,7596,2.85966E-06,0.021721959,,110,8594,0.012799628,
23,5678463,4.05039E-06,,,17,2333,3.12334E-06,0.007286755,,12,2697,0.004449388,
10,2306866,4.33489E-06,,,8,1706,2.74873E-06,0.004689332,,13,3028,0.004293263,
8,1905364,4.19867E-06,,,177,7944,2.80475E-06,0.022280967,,2,1024,0.001953125,
19,4819454,3.94236E-06,,,11,1866,3.15914E-06,0.005894962,,51,5561,0.009171012,
33,8111061,4.06852E-06,,,5,1347,2.75572E-06,0.003711952,,11,2521,0.004363348,
23,5332106,4.31349E-06,,,63,4637,2.92999E-06,0.01358637,,18,1982,0.009081736,
19,4618948,4.11349E-06,,,140,6982,2.87189E-06,0.020051561,,29,4081,0.007106101,
6,1278465,4.69313E-06,,,227,8974,2.81873E-06,0.025295298,,2,1197,0.001670844,
17,4288802,3.96381E-06,,,174,7836,2.83374E-06,0.022205207,,54,5802,0.009307135,
6,1493638,4.01704E-06,,,95,5760,2.86338E-06,0.016493056,,91,7891,0.011532125,
23,5339374,4.30762E-06,,,20,2560,3.05176E-06,0.0078125,,82,7292,0.0112452,
36,8676997,4.1489E-06,,,197,8306,2.8555E-06,0.023717794,,16,3117,0.005133141,
16,3305157,4.84092E-06,,,143,7034,2.89022E-06,0.020329827,,99,7861,0.012593818,
31,7471302,4.14921E-06,,,67,4757,2.9608E-06,0.014084507,,113,7877,0.014345563,
18,4336756,4.15057E-06,,,5,1199,3.47802E-06,0.004170142,,44,4535,0.009702315,
16,3872925,4.13124E-06,,,10,1832,2.97954E-06,0.005458515,,27,2890,0.009342561,
21,5195702,4.0418E-06,,,9,1775,2.85658E-06,0.005070423,,93,6723,0.01383311,
14,3415610,4.09883E-06,,,12,2119,2.67251E-06,0.005663049,,25,3753,0.006661338,
11,2602943,4.22599E-06,,,25,2918,2.93609E-06,0.008567512,,176,8818,0.019959174,
22,5494780,4.0038E-06,,,178,7847,2.89076E-06,0.022683828,,22,3402,0.006466784,
10,2482940,4.02748E-06,,,11,1944,2.91072E-06,0.005658436,,120,7466,0.016072864,
7,1579551,4.43164E-06,,,52,4219,2.92135E-06,0.012325196,,19,2812,0.006756757,
22,4775128,4.60721E-06,,,19,2553,2.91509E-06,0.007442225,,4,1114,0.003590664,
5,1044806,4.78558E-06,,,98,5622,3.10059E-06,0.017431519,,130,8611,0.015096969,
34,8049933,4.22364E-06,,,170,7779,2.80932E-06,0.021853709,,13,2575,0.005048544,
38,9235962,4.11435E-06,,,122,6458,2.92526E-06,0.018891298,,115,8249,0.013941084,
9,2121677,4.24193E-06,,,61,4618,2.86037E-06,0.013209181,,6,1674,0.003584229,
7,1835121,3.81446E-06,,,19,2615,2.7785E-06,0.007265774,,130,8646,0.015035855,
38,9165285,4.14608E-06,,,19,2492,3.05955E-06,0.007624398,,30,4412,0.006799637,
25,5950326,4.20145E-06,,,85,5297,3.02942E-06,0.016046819,,10,2506,0.003990423,
32,7753068,4.1274E-06,,,267,9508,2.95347E-06,0.028081615,,72,6140,0.011726384,
12,2811654,4.26795E-06,,,12,1849,3.51E-06,0.006489995,,29,3919,0.007399847,
18,4483001,4.01517E-06,,,9,1798,2.78396E-06,0.005005562,,41,5042,0.008131694,
37,8881410,4.16601E-06,,,56,4362,2.94318E-06,0.012838148,,172,9797,0.017556395,
8,1987393,4.02537E-06,,,72,5022,2.85482E-06,0.014336918,,83,6983,0.011886009,
14,3313773,4.22479E-06,,,143,7099,2.83754E-06,0.020143682,,89,5947,0.014965529,
11,2622951,4.19375E-06,,,115,6367,2.8368E-06,0.018061882,,25,3144,0.007951654,
35,8415899,4.1588E-06,,,66,4700,2.98778E-06,0.014042553,,123,7947,0.015477539,
32,7847763,4.0776E-06,,,104,6092,2.80229E-06,0.017071569,,26,3284,0.007917174,
22,5341873,4.11841E-06,,,37,3541,2.95087E-06,0.010449026,,58,5314,0.010914565,
6,1501174,3.99687E-06,,,101,5937,2.86541E-06,0.017011959,,131,8374,0.015643659,
5,1108263,4.51156E-06,,,95,5711,2.91272E-06,0.016634565,,56,5967,0.009384951,
25,5998034,4.16803E-06,,,5,1331,2.82237E-06,0.003756574,,7,2229,0.003140422,
9,1960916,4.58969E-06,,,261,9641,2.808E-06,0.027071881,,6,1936,0.003099174,
20,4923958,4.06177E-06,,,272,9784,2.84142E-06,0.027800491,,173,9670,0.017890383,
28,6593370,4.24669E-06,,,4,1225,2.66556E-06,0.003265306,,3,1099,0.002729754,
16,4033643,3.96664E-06,,,162,7548,2.84349E-06,0.021462639,,23,3673,0.006261911,
16,4054760,3.94598E-06,,,12,2076,2.78437E-06,0.005780347,,4,1620,0.002469136,
16,4085619,3.91618E-06,,,38,3537,3.03748E-06,0.010743568,,29,4169,0.006956105,
37,8866881,4.17283E-06,,,93,5699,2.86342E-06,0.016318652,,102,8242,0.012375637,
9,1935919,4.64895E-06,,,125,6592,2.87657E-06,0.018962379,,69,5310,0.01299435,
13,2764345,4.70274E-06,,,21,2719,2.84054E-06,0.007723428,,20,2882,0.006939625,
27,6517146,4.14292E-06,,,224,8855,2.85674E-06,0.025296443,,185,9363,0.019758624,
14,3087282,4.53473E-06,,,258,9515,2.84972E-06,0.027115081,,18,3321,0.005420054,
16,3671118,4.35835E-06,,,205,8040,3.17133E-06,0.025497512,,37,4816,0.007682724,
16,3592183,4.45412E-06,,,41,3790,2.85434E-06,0.010817942,,56,5813,0.00963358,
15,3721305,4.03084E-06,,,114,6317,2.85682E-06,0.018046541,,91,7693,0.011828935,
41,9843431,4.16521E-06,,,144,6949,2.98207E-06,0.020722406,,19,3159,0.006014562,
14,3369497,4.15492E-06,,,279,9988,2.79671E-06,0.02793352,,17,3441,0.004940424,
22,5336247,4.12275E-06,,,159,7531,2.80344E-06,0.021112734,,41,5391,0.007605268,
23,5199594,4.42342E-06,,,13,1998,3.25651E-06,0.006506507,,67,6544,0.010238386,
12,2652758,4.52359E-06,,,7,1438,3.38517E-06,0.004867872,,3,1547,0.001939237,
17,4255132,3.99518E-06,,,280,9925,2.84248E-06,0.028211587,,7,2165,0.003233256,
20,4728319,4.22983E-06,,,12,1973,3.08267E-06,0.006082108,,3,1087,0.00275989,
16,3827345,4.18044E-06,,,38,3583,2.95999E-06,0.010605638,,68,6643,0.010236339,
7,1307875,5.35219E-06,,,155,7391,2.83743E-06,0.020971452,,19,3509,0.005414648,
27,6513747,4.14508E-06,,,181,8008,2.82248E-06,0.022602398,,98,6440,0.015217391,
11,2894979,3.79968E-06,,,20,2615,2.92474E-06,0.007648184,,165,9477,0.017410573,
7,1565545,4.47129E-06,,,37,3536,2.95922E-06,0.010463801,,2,1044,0.001915709,
27,6573046,4.10768E-06,,,69,4962,2.80244E-06,0.013905683,,112,7850,0.014267516,
15,3583706,4.18561E-06,,,6,1283,3.645E-06,0.004676539,,7,2040,0.003431373,
18,4533832,3.97015E-06,,,13,2131,2.8627E-06,0.006100422,,114,8139,0.014006635,
30,7311417,4.10317E-06,,,25,2822,3.13925E-06,0.008858965,,32,3605,0.00887656,
28,6647067,4.21238E-06,,,68,4867,2.87069E-06,0.013971646,,55,5334,0.010311211,
16,3934400,4.06669E-06,,,5,1349,2.74755E-06,0.003706449,,162,8940,0.018120805,
37,9003268,4.10962E-06,,,7,1543,2.94013E-06,0.004536617,,171,9843,0.017372752,
13,3284487,3.958E-06,,,224,8897,2.82983E-06,0.025177026,,3,1512,0.001984127,
8,1755394,4.55738E-06,,,161,7537,2.83419E-06,0.021361284,,9,2537,0.003547497,
5,1256622,3.97892E-06,,,22,2714,2.98678E-06,0.008106116,,35,4816,0.007267442,
15,3360922,4.46306E-06,,,66,4656,3.04451E-06,0.014175258,,120,8318,0.014426545,
8,1720922,4.64867E-06,,,50,4182,2.85892E-06,0.011956002,,5,1822,0.002744237,
17,4211863,4.03622E-06,,,215,8645,2.87679E-06,0.024869867,,110,8175,0.013455657,
5,1131124,4.42038E-06,,,165,7642,2.82533E-06,0.021591206,,20,3185,0.006279435,
36,7754206,4.64264E-06,,,68,4910,2.82063E-06,0.013849287,,47,5203,0.00903325,
12,2806054,4.27647E-06,,,144,7084,2.86949E-06,0.020327499,,109,7952,0.013707243,
32,7299152,4.38407E-06,,,112,6337,2.78901E-06,0.017673978,,166,9898,0.016771065,
7,1664397,4.20573E-06,,,262,9575,2.85775E-06,0.027362924,,42,4929,0.008520998,
23,5465644,4.2081E-06,,,55,4267,3.02077E-06,0.012889618,,29,4215,0.00688019,
27,6713552,4.02172E-06,,,98,5646,3.07429E-06,0.017357421,,87,6843,0.012713722,
18,4357194,4.1311E-06,,,80,5270,2.88051E-06,0.015180266,,110,8432,0.013045541,
11,2284827,4.81437E-06,,,153,7337,2.8422E-06,0.02085321,,8,2234,0.003581021,
19,4346485,4.37135E-06,,,47,4135,2.74882E-06,0.011366385,,2,1305,0.001532567,
13,3339412,3.8929E-06,,,34,3315,3.09394E-06,0.01025641,,14,2940,0.004761905,
39,9540005,4.08805E-06,,,320,9918,3.25313E-06,0.032264569,,13,2939,0.004423273,
17,3877712,4.38403E-06,,,240,9177,2.84977E-06,0.026152337,,64,6053,0.010573269,
11,2333893,4.71316E-06,,,68,4866,2.87187E-06,0.013974517,,12,2749,0.004365224,
31,7819891,3.96425E-06,,,25,2935,2.90218E-06,0.008517888,,13,2649,0.004907512,
32,7803947,4.10049E-06,,,210,8478,2.92168E-06,0.024769993,,74,6945,0.010655148,
24,5704250,4.20739E-06,,,33,3384,2.88173E-06,0.009751773,,7,2116,0.003308129,
18,4240249,4.24503E-06,,,278,9836,2.87348E-06,0.028263522,,94,7818,0.012023535,
34,8204764,4.14393E-06,,,181,8000,2.82813E-06,0.022625,,7,2238,0.003127793,
24,5824250,4.1207E-06,,,73,5097,2.80992E-06,0.01432215,,107,8488,0.012606032,
9,2097446,4.29093E-06,,,62,2644,8.86888E-06,0.023449319,,129,8947,0.014418241,
7,2027477,3.45257E-06,,,88,5673,2.73437E-06,0.015512075,,18,3482,0.005169443,
33,7720746,4.2742E-06,,,58,4409,2.98365E-06,0.01315491,,44,4853,0.009066557,
15,3701609,4.05229E-06,,,3,1071,2.61543E-06,0.00280112,,148,8916,0.016599372,
30,6756985,4.43985E-06,,,210,8513,2.8977E-06,0.024668155,,61,6023,0.010127843,
14,3334978,4.19793E-06,,,172,7767,2.85116E-06,0.022144972,,39,5146,0.007578702,
33,7904649,4.17476E-06,,,57,4453,2.87455E-06,0.012800359,,4,1820,0.002197802,
6,1517027,3.9551E-06,,,50,4141,2.91581E-06,0.012074378,,83,7499,0.011068142,
20,4575479,4.37113E-06,,,206,8399,2.9202E-06,0.024526729,,7,1611,0.004345127,
33,8116674,4.0657E-06,,,135,6785,2.93247E-06,0.019896831,,19,3215,0.005909798,
23,5511828,4.17284E-06,,,20,2513,3.16698E-06,0.007958615,,116,8435,0.013752223,
26,6020554,4.31854E-06,,,12,1987,3.03938E-06,0.006039255,,165,9902,0.0166633,
34,8320096,4.08649E-06,,,5,1229,3.31029E-06,0.004068348,,53,5206,0.010180561,
8,1860821,4.29918E-06,,,212,8584,2.87711E-06,0.024697111,,126,8378,0.015039389,
7,1512682,4.62754E-06,,,230,9025,2.8238E-06,0.025484765,,164,9408,0.017431973,
20,4998394,4.00129E-06,,,8,1563,3.2747E-06,0.005118362,,46,5132,0.008963367,
39,9166413,4.25466E-06,,,206,8513,2.84251E-06,0.024198285,,12,2533,0.004737465,
29,7015680,4.1336E-06,,,36,3523,2.90053E-06,0.010218564,,81,6850,0.011824818,
20,4678468,4.2749E-06,,,162,7560,2.83447E-06,0.021428571,,147,9852,0.014920828,
13,3152890,4.1232E-06,,,179,7965,2.82151E-06,0.022473321,,10,2507,0.003988831,
21,5035479,4.17041E-06,,,11,1891,3.07617E-06,0.005817028,,122,8920,0.01367713,
12,2924767,4.10289E-06,,,227,8938,2.84148E-06,0.025397181,,22,3875,0.005677419,
5,1227399,4.07365E-06,,,122,6532,2.85935E-06,0.018677281,,46,5028,0.009148767,
19,4651166,4.085E-06,,,73,5094,2.81323E-06,0.014330585,,86,7662,0.011224223,
8,1920364,4.16588E-06,,,201,8387,2.85748E-06,0.023965661,,61,6256,0.009750639,
28,6787362,4.12531E-06,,,50,4205,2.82773E-06,0.011890606,,59,5975,0.009874477,
37,8752998,4.22712E-06,,,231,8863,2.9407E-06,0.02606341,,5,1852,0.002699784,
16,3850769,4.15501E-06,,,19,2533,2.96131E-06,0.007500987,,2,1190,0.001680672,
38,8905136,4.2672E-06,,,205,8427,2.88674E-06,0.024326569,,5,1592,0.003140704,
16,3903073,4.09933E-06,,,166,7643,2.84171E-06,0.02171922,,101,8144,0.012401768,
31,7188854,4.31223E-06,,,78,5178,2.90918E-06,0.015063731,,110,8168,0.013467189,
17,4094424,4.15199E-06,,,8,1661,2.89968E-06,0.004816376,,98,8027,0.012208795,
10,2377000,4.20698E-06,,,56,4485,2.78396E-06,0.012486065,,2,1034,0.001934236,
7,1733710,4.03758E-06,,,241,9221,2.8344E-06,0.026135994,,77,7232,0.010647124,
8,1877479,4.26103E-06,,,260,9528,2.86398E-06,0.027287993,,91,7803,0.011662181,
23,4881067,4.71208E-06,,,15,2241,2.98681E-06,0.00669344,,9,2376,0.003787879,
25,6011500,4.1587E-06,,,8,1569,3.24971E-06,0.005098789,,101,7997,0.012629736,
39,9121350,4.27568E-06,,,141,6941,2.92668E-06,0.020314076,,110,8672,0.012684502,
20,4905623,4.07695E-06,,,153,7344,2.83678E-06,0.020833333,,3,1297,0.00231303,
22,5166594,4.25812E-06,,,254,9424,2.85998E-06,0.026952462,,8,1989,0.004022122,
6,1470955,4.07898E-06,,,185,8098,2.82109E-06,0.022845147,,77,7327,0.010509076,
39,9338408,4.1763E-06,,,205,8539,2.81151E-06,0.024007495,,68,6329,0.010744193,
16,3744410,4.27304E-06,,,55,4422,2.81271E-06,0.012437811,,3,1239,0.002421308,
20,5025336,3.97983E-06,,,56,4329,2.98822E-06,0.012936013,,51,5790,0.00880829,
27,6397988,4.22008E-06,,,130,6704,2.89251E-06,0.019391408,,74,7090,0.010437236,
18,4513707,3.98785E-06,,,28,3095,2.92305E-06,0.00904685,,33,4718,0.006994489,
17,3889894,4.3703E-06,,,280,9933,2.8379E-06,0.028188865,,2,1193,0.001676446,
5,1412001,3.54107E-06,,,238,9189,2.81865E-06,0.025900533,,16,3399,0.004707267,
39,9208794,4.23508E-06,,,83,5345,2.90524E-06,0.015528531,,63,6471,0.009735744,
18,4377910,4.11155E-06,,,27,3020,2.9604E-06,0.008940397,,6,2058,0.002915452,
10,2638089,3.79062E-06,,,145,7122,2.85867E-06,0.02035945,,93,7952,0.011695171,
14,3303944,4.23736E-06,,,193,8280,2.81512E-06,0.023309179,,112,8710,0.012858783,
38,9394918,4.04474E-06,,,39,3657,2.91618E-06,0.010664479,,35,4989,0.007015434,
35,8202383,4.26705E-06,,,222,8838,2.84214E-06,0.025118805,,38,4981,0.00762899,
14,3348265,4.18127E-06,,,110,6169,2.89043E-06,0.017831091,,116,8805,0.013174333,
10,2074818,4.8197E-06,,,283,9774,2.96239E-06,0.028954369,,46,5445,0.008448118,
36,8527680,4.22155E-06,,,98,5913,2.80292E-06,0.016573651,,133,9427,0.014108412,
51,9267461,5.50313E-06,,,30,3179,2.96852E-06,0.00943693,,67,6483,0.010334722,
20,4549278,4.3963E-06,,,224,8846,2.86256E-06,0.02532218,,91,7595,0.011981567,
17,2553301,6.65805E-06,,,138,6946,2.86029E-06,0.01986755,,15,2962,0.005064146,
30,5925958,5.06247E-06,,,232,9051,2.83201E-06,0.025632527,,27,4009,0.006734847,
37,7189237,5.14658E-06,,,213,8400,3.01871E-06,0.025357143,,59,6134,0.00961852,
29,7025930,4.12757E-06,,,193,8008,3.0096E-06,0.024100899,,136,9257,0.014691585,
40,9854295,4.05914E-06,,,243,9128,2.91645E-06,0.026621385,,49,5440,0.009007353,
42,9995902,4.20172E-06,,,14,2229,2.81779E-06,0.006280843,,73,6768,0.010786052,
34,7958428,4.2722E-06,,,117,6252,2.99328E-06,0.018714012,,51,5593,0.009118541,
28,6585823,4.25156E-06,,,127,6697,2.83167E-06,0.018963715,,36,4898,0.007349939,
24,5735079,4.18477E-06,,,146,7187,2.82656E-06,0.020314457,,104,8238,0.012624423,
28,6580271,4.25514E-06,,,4,1043,3.67698E-06,0.003835091,,57,5971,0.00954614,
27,6600532,4.09058E-06,,,237,9161,2.82399E-06,0.025870538,,19,3413,0.00556695,
19,4551905,4.17408E-06,,,19,2577,2.86105E-06,0.007372914,,78,7004,0.011136493,
17,3925195,4.331E-06,,,15,2291,2.85786E-06,0.006547359,,42,5200,0.008076923,
36,8265407,4.3555E-06,,,71,5053,2.78074E-06,0.014051059,,91,7584,0.011998945,
41,9953382,4.1192E-06,,,214,8715,2.8176E-06,0.024555364,,97,7888,0.01229716,
9,2151891,4.18237E-06,,,132,6720,2.92304E-06,0.019642857,,24,3612,0.006644518,
15,3606331,4.15935E-06,,,151,7220,2.89669E-06,0.020914127,,31,4106,0.007549927,
24,5485485,4.37518E-06,,,125,6576,2.89059E-06,0.019008516,,10,2513,0.003979308,
25,6176411,4.04766E-06,,,77,5134,2.92132E-06,0.014998052,,84,6862,0.012241329,
42,9882942,4.24975E-06,,,4,1298,2.37416E-06,0.003081664,,6,2002,0.002997003,
38,8977331,4.23288E-06,,,255,9486,2.83383E-06,0.02688172,,39,4960,0.007862903,
14,3436515,4.07389E-06,,,215,8709,2.83467E-06,0.024687105,,32,4518,0.00708278,
35,8255312,4.23969E-06,,,91,5637,2.86382E-06,0.016143339,,154,9852,0.015631344,
6,1618487,3.70717E-06,,,209,8564,2.84966E-06,0.024404484,,56,5735,0.009764603,
37,8629422,4.28766E-06,,,49,4104,2.90925E-06,0.011939571,,54,5889,0.009169638,
35,8266679,4.23386E-06,,,158,7462,2.83757E-06,0.021173948,,16,3163,0.005058489,
37,8946462,4.13571E-06,,,24,2831,2.99455E-06,0.00847757,,27,4088,0.006604697,
29,6693800,4.33237E-06,,,261,9609,2.82673E-06,0.027162036,,112,7501,0.014931342,
38,9278109,4.09566E-06,,,280,9928,2.84076E-06,0.028203062,,67,6729,0.009956903,
41,9744950,4.20731E-06,,,19,2431,3.21502E-06,0.007815714,,90,7810,0.011523688,
40,9317401,4.29304E-06,,,18,2476,2.9361E-06,0.00726979,,13,2732,0.004758419,
39,9457886,4.12354E-06,,,176,7798,2.89432E-06,0.02256989,,23,3962,0.005805149,
14,3250668,4.30681E-06,,,190,8080,2.91025E-06,0.023514851,,14,2806,0.004989309,
11,2626506,4.18807E-06,,,176,7920,2.80584E-06,0.022222222,,32,4449,0.007192628,
31,7282792,4.25661E-06,,,4,1219,2.69186E-06,0.003281378,,151,9970,0.015145436,
16,3811515,4.19781E-06,,,201,8434,2.82572E-06,0.023832108,,109,8206,0.013282964,
45,9011996,4.99334E-06,,,14,2169,2.97584E-06,0.006454587,,19,3436,0.005529686,
13,3231359,4.02308E-06,,,20,2545,3.08784E-06,0.007858546,,5,1817,0.002751789,
40,9309744,4.29657E-06,,,50,4212,2.81834E-06,0.011870845,,13,2714,0.004789978,
38,9064657,4.19211E-06,,,247,9154,2.94764E-06,0.02698274,,9,2326,0.003869304,
24,5926601,4.04954E-06,,,127,6672,2.85293E-06,0.019034772,,92,7752,0.011867905,
18,4331647,4.15546E-06,,,84,5389,2.89243E-06,0.015587307,,17,3253,0.005225945,
7,1772001,3.95034E-06,,,223,8811,2.87246E-06,0.025309273,,14,2984,0.004691689,
5,1041341,4.8015E-06,,,68,4831,2.91363E-06,0.014075761,,27,4242,0.006364922,
10,2400802,4.16527E-06,,,232,9023,2.84961E-06,0.025712069,,16,3252,0.004920049,
23,5303475,4.33678E-06,,,6,1451,2.84981E-06,0.004135079,,117,8409,0.013913664,
38,9269441,4.09949E-06,,,25,2946,2.88054E-06,0.008486083,,146,9739,0.014991272,
39,8735930,4.46432E-06,,,5,1227,3.32109E-06,0.00407498,,3,1375,0.002181818,
7,1526754,4.58489E-06,,,41,3776,2.87554E-06,0.010858051,,75,7022,0.010680718,
32,7640713,4.18809E-06,,,63,4746,2.79695E-06,0.013274336,,97,7905,0.012270715,
11,2597485,4.23487E-06,,,29,3113,2.99254E-06,0.009315773,,100,7952,0.012575453,
47,9982001,4.70847E-06,,,57,4459,2.86682E-06,0.012783135,,6,1721,0.003486345,
29,6358698,4.56068E-06,,,253,9407,2.85903E-06,0.026894866,,14,2891,0.004842615,
27,6351062,4.25126E-06,,,9,1648,3.31381E-06,0.005461165,,19,3503,0.005423922,
8,1950443,4.10163E-06,,,82,5339,2.8767E-06,0.015358681,,37,4786,0.007730882,
27,6533551,4.13252E-06,,,160,7441,2.88973E-06,0.021502486,,75,6886,0.010891664,
29,6991880,4.14767E-06,,,242,9154,2.88798E-06,0.02643653,,4,1567,0.002552648,
18,4458783,4.03698E-06,,,15,2243,2.98149E-06,0.006687472,,134,9196,0.014571553,
6,1373446,4.36857E-06,,,283,9963,2.85106E-06,0.028405099,,40,5144,0.00777605,
28,6677917,4.19292E-06,,,42,3779,2.941E-06,0.011114051,,47,5581,0.00842143,
19,4685863,4.05475E-06,,,126,6667,2.83472E-06,0.018899055,,109,8422,0.012942294,
11,2823826,3.89542E-06,,,194,8249,2.85101E-06,0.023518002,,64,6383,0.010026633,
39,9439593,4.13153E-06,,,206,8513,2.84251E-06,0.024198285,,8,2371,0.003374104,
16,4000805,3.9992E-06,,,112,6283,2.83716E-06,0.017825879,,64,6431,0.009951796,
22,5376509,4.09187E-06,,,234,9028,2.871E-06,0.025919362,,15,2912,0.005151099,
20,4753721,4.20723E-06,,,24,2791,3.081E-06,0.008599068,,7,2182,0.003208066,
11,2622036,4.19521E-06,,,86,5477,2.8669E-06,0.015702027,,45,5554,0.008102269,
5,1206074,4.14568E-06,,,28,3155,2.81293E-06,0.008874802,,71,6857,0.010354382,
25,6054679,4.12904E-06,,,50,4186,2.85346E-06,0.011944577,,87,7301,0.011916176,
39,9432425,4.13467E-06,,,223,8727,2.92803E-06,0.025552882,,90,7602,0.01183899,
51,9855219,5.17492E-06,,,114,6318,2.85592E-06,0.018043685,,70,6684,0.010472771,
12,2956329,4.05909E-06,,,14,2119,3.11793E-06,0.00660689,,35,4826,0.007252383,
23,5654755,4.06737E-06,,,65,4726,2.91022E-06,0.013753703,,121,9258,0.013069777,
9,2019421,4.45672E-06,,,7,1412,3.51098E-06,0.004957507,,54,6012,0.008982036,
34,8335037,4.07917E-06,,,20,2646,2.85661E-06,0.007558579,,35,4924,0.007108042,
26,6545173,3.97239E-06,,,198,8265,2.89854E-06,0.023956443,,93,7891,0.011785579,
27,6292368,4.29091E-06,,,36,3361,3.18688E-06,0.010711098,,17,3466,0.004904789,
39,9382744,4.15657E-06,,,144,6865,3.05549E-06,0.020975965,,53,5997,0.008837752,
32,7694745,4.15868E-06,,,13,2061,3.06046E-06,0.006307618,,13,2955,0.004399323,
13,2837908,4.58084E-06,,,189,8112,2.87214E-06,0.023298817,,144,9896,0.014551334,
8,1918261,4.17044E-06,,,8,1567,3.25801E-06,0.005105297,,72,7043,0.010222916,
40,9821152,4.07284E-06,,,103,5983,2.87739E-06,0.017215444,,62,6425,0.009649805,
17,4311470,3.94297E-06,,,26,2812,3.28808E-06,0.009246088,,65,6663,0.009755365,
27,6324712,4.26897E-06,,,159,7474,2.84637E-06,0.021273749,,90,7830,0.011494253,
31,7713988,4.01867E-06,,,118,6247,3.0237E-06,0.018889067,,20,3677,0.005439217,
24,5803595,4.13537E-06,,,239,9119,2.87411E-06,0.026209014,,46,5455,0.008432631,
44,9647675,4.56068E-06,,,107,6101,2.87463E-06,0.017538109,,15,3242,0.004626774,
39,9318783,4.1851E-06,,,12,2026,2.9235E-06,0.005923001,,29,4415,0.006568516,
16,3845219,4.16101E-06,,,34,3416,2.91369E-06,0.009953162,,94,7877,0.011933477,
40,9708149,4.12025E-06,,,271,9591,2.94606E-06,0.028255656,,45,5636,0.007984386,
34,8212571,4.13999E-06,,,162,7529,2.85786E-06,0.021516802,,9,2447,0.003677973,
22,5301692,4.14962E-06,,,75,5081,2.90511E-06,0.014760874,,106,8462,0.012526589,
32,7509684,4.26116E-06,,,157,7454,2.82567E-06,0.021062517,,30,4536,0.006613757,
28,6777993,4.13102E-06,,,178,7876,2.86952E-06,0.022600305,,56,6167,0.00908059,
13,2940376,4.4212E-06,,,182,7927,2.89637E-06,0.022959505,,43,5368,0.008010432,
17,4169142,4.07758E-06,,,183,7970,2.88094E-06,0.022961104,,4,1525,0.002622951,
26,6569336,3.95778E-06,,,168,7612,2.89942E-06,0.022070415,,4,1652,0.002421308,
18,4028606,4.46805E-06,,,30,3126,3.07003E-06,0.009596929,,108,8590,0.012572759,
30,7525495,3.98645E-06,,,266,9578,2.89956E-06,0.027771977,,153,9896,0.015460792,
23,5662560,4.06177E-06,,,38,3616,2.90621E-06,0.01050885,,53,5448,0.009728341,
18,4440109,4.05395E-06,,,147,7094,2.92102E-06,0.020721737,,29,3986,0.007275464,
15,3638156,4.12297E-06,,,203,8331,2.92484E-06,0.024366823,,33,4442,0.007429086,
35,8529085,4.10361E-06,,,62,4599,2.93133E-06,0.013481192,,35,4691,0.007461096,
34,8585443,3.96019E-06,,,255,9331,2.92876E-06,0.027328261,,4,1709,0.00234055,
22,4327680,5.08356E-06,,,115,6213,2.97917E-06,0.018509577,,2,1127,0.001774623,
39,9432241,4.13475E-06,,,45,3935,2.90618E-06,0.011435832,,24,3935,0.006099111,
20,4877195,4.10072E-06,,,4,1120,3.18878E-06,0.003571429,,130,9286,0.013999569,
27,6498071,4.15508E-06,,,7,1569,2.84349E-06,0.00446144,,5,1673,0.002988643,
14,3343921,4.1867E-06,,,138,6861,2.9316E-06,0.020113686,,109,8527,0.012782925,
19,4434407,4.28468E-06,,,44,3950,2.82006E-06,0.011139241,,41,5307,0.007725645,
19,4707497,4.03612E-06,,,176,7689,2.97696E-06,0.022889843,,117,8764,0.013350068,
22,5460226,4.02914E-06,,,36,3473,2.98465E-06,0.010365678,,71,6782,0.010468888,
7,1516301,4.6165E-06,,,10,1732,3.33353E-06,0.005773672,,22,3754,0.005860416,
39,9095557,4.28781E-06,,,128,6651,2.89358E-06,0.019245226,,153,9751,0.015690698,
15,3389862,4.42496E-06,,,32,3267,2.99814E-06,0.009794919,,17,3186,0.005335844,
38,9048722,4.19949E-06,,,30,3234,2.86841E-06,0.009276438,,69,6757,0.010211632,
35,8211248,4.26245E-06,,,194,7550,3.40336E-06,0.025695364,,22,3794,0.005798629,
28,6738112,4.15547E-06,,,100,5750,3.02457E-06,0.017391304,,3,1219,0.002461034,
20,4945408,4.04416E-06,,,150,7085,2.98821E-06,0.021171489,,118,8966,0.01316083,
6,1315082,4.56245E-06,,,141,6962,2.90905E-06,0.020252801,,3,1118,0.002683363,
17,4032532,4.21571E-06,,,23,2832,2.86775E-06,0.008121469,,63,6446,0.009773503,
40,9955004,4.01808E-06,,,165,7536,2.90537E-06,0.021894904,,127,8959,0.014175689,
4,1019334,3.92413E-06,,,120,6535,2.80989E-06,0.018362663,,9,2457,0.003663004,
15,3568404,4.20356E-06,,,38,3573,2.97658E-06,0.01063532,,36,4885,0.007369498,
24,5827051,4.11872E-06,,,8,1580,3.20461E-06,0.005063291,,6,2207,0.002718623,
13,3188824,4.07674E-06,,,182,7854,2.95046E-06,0.023172906,,37,4998,0.007402961,
38,9024750,4.21064E-06,,,155,7309,2.90145E-06,0.021206731,,31,4530,0.006843267,
27,6869410,3.93047E-06,,,16,2348,2.90218E-06,0.00681431,,13,2408,0.005398671,
13,3032875,4.28636E-06,,,38,3637,2.87274E-06,0.010448172,,4,1613,0.002479851,
10,2483142,4.02716E-06,,,46,3936,2.96926E-06,0.011686992,,18,3375,0.005333333,
38,2067884,1.83763E-05,,,12,1974,3.07955E-06,0.006079027,,24,3884,0.006179197,
25,5903945,4.23446E-06,,,30,3253,2.835E-06,0.009222256,,7,2069,0.003383277,
32,7238269,4.42095E-06,,,5,1350,2.74348E-06,0.003703704,,141,9737,0.014480846,
30,7445784,4.02913E-06,,,191,8061,2.93938E-06,0.023694331,,25,4123,0.006063546,
